idAlumno;idAsignatura;Primer trimestre;Segundo trimestre;Tercer Trimestre;Nota Final
70640;BG001;10;10;7;10
70640;GH001;5;8;5;5
70640;EF001;9;7;7;7
70640;LL001;10;9;9;9
70640;MA001;5;6;8;6
70640;MU001;7;7;9;7
70640;IN001;7;6;10;7
70640;FR001;6;6;5;6
70640;CR001;5;6;9;6
40640;BG001;7;10;5;7
40640;GH001;7;9;6;7
40640;EF001;10;8;10;10
40640;LL001;8;7;9;8
40640;MA001;8;5;10;8
40640;MU001;10;8;5;8
40640;IN001;6;10;7;7
40640;FR001;7;5;4;5
40640;CR001;6;8;8;8
11001;BG001;9;6;7;7
11001;GH001;7;6;8;7
11001;EF001;8;7;5;7
11001;LL001;6;5;5;5
11001;MA001;8;5;8;8
11001;MU001;10;9;7;9
11001;IN001;10;6;7;7
11001;FR001;7;5;5;5
11001;CR001;5;5;7;5
40965;BG001;10;8;8;8
40965;GH001;8;7;6;7
40965;EF001;8;9;8;8
40965;LL001;9;6;7;7
40965;MA001;10;5;5;5
40965;MU001;8;5;9;8
40965;IN001;10;9;6;9
40965;FR001;6;7;9;7
40965;CC001;9;6;7;7
41030;BG001;10;9;6;9
41030;GH001;9;7;8;8
41030;EF001;6;8;6;6
41030;LL001;7;7;6;7
41030;MA001;6;5;8;6
41030;MU001;7;7;5;7
41030;IN001;9;10;9;9
41030;FR001;6;6;9;6
41030;CC001;6;9;10;9
40857;BG001;7;9;9;9
40857;GH001;6;10;9;9
40857;EF001;8;7;7;7
40857;LL001;8;8;9;8
40857;MA001;9;7;8;8
40857;MU001;9;8;10;9
40857;IN001;10;7;7;7
40857;FR001;8;5;9;8
40857;CC001;6;10;6;6
11000;BG001;8;8;8;8
11000;GH001;6;8;6;6
11000;EF001;9;9;10;9
11000;LL001;10;5;7;7
11000;MA001;8;7;5;7
11000;MU001;9;6;8;8
11000;IN001;8;5;7;7
11000;FR001;7;8;6;7
11000;CR001;10;9;10;10
11031;BG001;7;8;8;8
11031;GH001;10;5;5;5
11031;EF001;10;8;5;8
11031;LL001;5;9;8;8
11031;MA001;8;5;9;8
11031;MU001;7;8;8;8
11031;IN001;7;10;6;7
11031;FR001;8;9;8;8
11031;CC001;8;7;6;7
60641;BG001;6;10;8;8
60641;GH001;7;6;7;7
60641;EF001;10;6;7;7
60641;LL001;8;10;10;10
60641;MA001;6;8;7;7
60641;MU001;6;10;5;6
60641;IN001;6;10;8;8
60641;FR001;6;7;6;6
60641;CR001;8;9;8;8
2187;BG001;6;6;5;6
2187;GH001;7;5;6;6
2187;EF001;6;6;8;6
2187;LL001;5;8;5;5
2187;MA001;9;5;6;6
2187;MU001;8;8;6;8
2187;IN001;9;6;7;7
2187;FR001;8;9;10;9
2187;CR001;7;10;10;10
92135;BG001;8;9;7;8
92135;GH001;10;9;5;9
92135;EF001;10;6;8;8
92135;LL001;6;5;8;6
92135;MA001;6;9;5;6
92135;MU001;9;7;7;7
92135;IN001;9;6;10;9
92135;FR001;9;5;9;9
92135;CC001;8;10;8;8
64566;BG001;8;7;10;8
64566;GH001;6;10;10;10
64566;EF001;9;10;9;9
64566;LL001;6;5;5;5
64566;MA001;10;8;5;8
64566;MU001;9;7;10;9
64566;IN001;8;10;5;8
64566;FR001;7;6;7;7
64566;CC001;5;6;6;6
80784;BG001;6;8;7;7
80784;GH001;10;10;9;10
80784;EF001;10;6;6;6
80784;LL001;5;6;8;6
80784;MA001;7;7;10;7
80784;MU001;10;6;10;10
80784;IN001;7;9;9;9
80784;FR001;10;5;5;5
80784;CR001;10;8;10;10
52858;BG001;5;5;8;5
52858;GH001;6;6;10;6
52858;EF001;5;10;5;5
52858;LL001;10;5;8;8
52858;MA001;6;6;6;6
52858;MU001;9;5;8;8
52858;IN001;5;9;9;9
52858;FR001;7;8;9;8
52858;CC001;5;10;5;5
40532;BG001;5;7;5;5
40532;GH001;5;8;5;5
40532;EF001;5;5;5;5
40532;LL001;7;8;5;7
40532;MA001;8;6;10;8
40532;MU001;8;5;9;8
40532;IN001;10;5;10;10
40532;FR001;6;5;7;6
40532;CC001;5;9;9;9
12995;BG001;6;10;9;9
12995;GH001;7;10;6;7
12995;EF001;7;10;6;7
12995;LL001;7;7;7;7
12995;MA001;6;8;9;8
12995;MU001;9;9;10;9
12995;IN001;9;9;5;9
12995;FR001;6;5;5;5
12995;CC001;5;9;7;7
77976;BG001;5;8;6;6
77976;GH001;10;5;8;8
77976;EF001;7;8;7;7
77976;LL001;8;7;6;7
77976;MA001;7;6;7;7
77976;MU001;6;8;5;6
77976;IN001;10;7;8;8
77976;FR001;6;7;6;6
77976;CR001;5;7;8;7
41032;BG001;6;7;6;6
41032;GH001;10;9;6;9
41032;EF001;5;6;9;6
41032;LL001;10;7;6;7
41032;MA001;7;6;5;6
41032;MU001;5;9;6;6
41032;IN001;8;9;5;8
41032;FR001;9;8;9;9
41032;CR001;9;9;9;9
75792;BG001;7;9;8;8
75792;GH001;8;9;7;8
75792;EF001;7;7;6;7
75792;LL001;9;5;7;7
75792;MA001;5;8;7;7
75792;MU001;5;10;7;7
75792;IN001;7;7;8;7
75792;FR001;6;8;6;6
75792;CC001;7;7;10;7
29642;BG001;9;8;6;8
29642;GH001;8;5;6;6
29642;EF001;9;8;7;8
29642;LL001;10;6;10;10
29642;MA001;9;5;7;7
29642;MU001;8;5;7;7
29642;IN001;7;7;9;7
29642;FR001;9;8;7;8
29642;CR001;8;10;6;8
11530;BG001;6;7;5;6
11530;GH001;6;9;5;6
11530;EF001;5;5;7;5
11530;LL001;10;8;8;8
11530;MA001;5;7;6;6
11530;MU001;8;10;7;8
11530;IN001;6;5;9;6
11530;FR001;5;5;9;5
11530;CR001;6;7;5;6
49778;BG001;5;7;7;7
49778;GH001;7;5;5;5
49778;EF001;5;6;9;6
49778;LL001;9;6;8;8
49778;MA001;5;6;5;5
49778;MU001;6;5;6;6
49778;IN001;9;9;6;9
49778;FR001;7;10;6;7
49778;CR001;10;6;6;6
4150;BG001;6;7;6;6
4150;GH001;8;7;10;8
4150;EF001;9;9;9;9
4150;LL001;9;7;6;7
4150;MA001;6;8;10;8
4150;MU001;5;7;5;5
4150;IN001;10;6;9;9
4150;FR001;5;9;5;5
4150;CC001;5;6;9;6
17379;BG001;5;7;6;6
17379;GH001;10;6;8;8
17379;EF001;7;9;8;8
17379;LL001;10;10;6;10
17379;MA001;6;5;7;6
17379;MU001;9;7;9;9
17379;IN001;7;6;8;7
17379;FR001;10;10;10;10
17379;CR001;6;6;7;6
41585;BG001;9;9;10;9
41585;GH001;9;7;8;8
41585;EF001;8;5;8;8
41585;LL001;5;5;7;5
41585;MA001;10;7;6;7
41585;MU001;10;7;6;7
41585;IN001;10;7;10;10
41585;FR001;10;9;8;9
41585;CR001;7;9;9;9
8747;BG001;6;7;8;7
8747;GH001;7;6;7;7
8747;EF001;10;8;5;8
8747;LL001;6;5;7;6
8747;MA001;10;8;10;10
8747;MU001;9;9;9;9
8747;IN001;8;8;5;8
8747;FR001;7;5;8;7
8747;CR001;7;6;6;6
40641;BG001;6;8;7;7
40641;GH001;9;5;7;7
40641;EF001;7;5;9;7
40641;LL001;8;5;7;7
40641;MA001;6;8;8;8
40641;MU001;7;8;5;7
40641;IN001;9;10;9;9
40641;FR001;5;7;8;7
40641;CC001;9;6;5;6
39310;BG001;6;5;9;6
39310;GH001;5;9;8;8
39310;EF001;6;8;4;6
39310;LL001;6;5;6;6
39310;MA001;4;4;6;4
39310;MU001;8;5;10;8
39310;IN001;5;7;5;5
39310;FR001;4;4;6;4
39310;CR001;7;9;4;7
2168;BG001;8;9;4;8
2168;GH001;5;8;8;8
2168;EF001;10;6;7;7
2168;LL001;4;6;5;5
2168;MA001;9;8;10;9
2168;MU001;5;8;10;8
2168;IN001;8;4;7;7
2168;FR001;7;8;10;8
2168;CR001;4;9;8;8
6648;BG001;9;8;9;9
6648;GH001;7;6;7;7
6648;EF001;8;5;8;8
6648;LL001;9;4;10;9
6648;MA001;6;6;6;6
6648;MU001;6;8;8;8
6648;IN001;8;4;8;8
6648;FR001;4;6;7;6
6648;CC001;7;9;9;9
61055;BG001;4;8;8;8
61055;GH001;9;6;10;9
61055;EF001;8;6;6;6
61055;LL001;7;9;5;7
61055;MA001;8;5;8;8
61055;MU001;4;7;6;6
61055;IN001;10;5;7;7
61055;FR001;9;8;10;9
61055;CC001;9;10;8;9
32861;BG001;6;9;7;7
32861;GH001;8;4;7;7
32861;EF001;7;6;6;6
32861;LL001;4;7;8;7
32861;MA001;6;6;5;6
32861;MU001;9;8;9;9
32861;IN001;6;9;8;8
32861;FR001;10;7;8;8
32861;CC001;8;7;4;7
65045;BG001;9;5;8;8
65045;GH001;7;7;6;7
65045;EF001;10;7;7;7
65045;LL001;10;4;7;7
65045;MA001;9;9;5;9
65045;MU001;8;7;9;8
65045;IN001;4;4;9;4
65045;FR001;7;10;7;7
65045;CR001;10;8;5;8
5613;BG001;9;7;4;7
5613;GH001;7;10;9;9
5613;EF001;7;9;4;7
5613;LL001;8;5;6;6
5613;MA001;7;10;10;10
5613;MU001;6;10;5;6
5613;IN001;7;5;5;5
5613;FR001;6;4;4;4
5613;CC001;5;6;4;5
56179;BG001;7;6;4;6
56179;GH001;9;9;4;9
56179;EF001;8;5;4;5
56179;LL001;4;7;10;7
56179;MA001;7;6;7;7
56179;MU001;7;5;10;7
56179;IN001;8;9;5;8
56179;FR001;10;9;7;9
56179;CR001;6;9;7;7
70013;BG001;4;9;10;9
70013;GH001;5;5;9;5
70013;EF001;5;7;7;7
70013;LL001;8;5;10;8
70013;MA001;8;8;4;8
70013;MU001;6;6;5;6
70013;IN001;7;7;5;7
70013;FR001;7;9;7;7
70013;CR001;4;4;6;4
11032;BG001;8;10;6;8
11032;GH001;8;9;8;8
11032;EF001;4;10;5;5
11032;LL001;10;9;6;9
11032;MA001;6;4;9;6
11032;MU001;5;4;10;5
11032;IN001;10;7;10;10
11032;FR001;4;4;10;4
11032;CC001;5;6;9;6
60643;BG001;5;10;10;10
60643;GH001;7;8;4;7
60643;EF001;8;10;9;9
60643;LL001;6;4;9;6
60643;MA001;4;6;8;6
60643;MU001;9;5;7;7
60643;IN001;5;9;4;5
60643;FR001;5;6;9;6
60643;CC001;5;8;10;8
40642;BG001;8;5;10;8
40642;GH001;10;8;6;8
40642;EF001;7;8;10;8
40642;LL001;5;8;7;7
40642;MA001;8;10;10;10
40642;MU001;9;8;6;8
40642;IN001;5;9;4;5
40642;FR001;8;8;5;8
40642;CR001;8;10;5;8
31164;BG001;6;8;10;8
31164;GH001;9;4;9;9
31164;EF001;7;4;9;7
31164;LL001;8;10;4;8
31164;MA001;4;8;8;8
31164;MU001;9;10;5;9
31164;IN001;9;4;4;4
31164;FR001;7;10;5;7
31164;CC001;6;7;6;6
50924;BG001;6;7;10;7
50924;GH001;5;6;10;6
50924;EF001;4;7;10;7
50924;LL001;7;7;10;7
50924;MA001;7;5;4;5
50924;MU001;8;4;7;7
50924;IN001;5;6;9;6
50924;FR001;8;4;10;8
50924;CC001;8;4;10;8
27129;BG001;8;9;8;8
27129;GH001;4;10;4;4
27129;EF001;9;5;9;9
27129;LL001;4;10;5;5
27129;MA001;8;6;7;7
27129;MU001;4;6;8;6
27129;IN001;6;6;8;6
27129;FR001;5;7;6;6
27129;CC001;4;9;8;8
90759;BG001;7;7;10;7
90759;GH001;7;6;4;6
90759;EF001;6;5;5;5
90759;LL001;5;8;6;6
90759;MA001;4;6;6;6
90759;MU001;10;10;6;10
90759;IN001;8;8;4;8
90759;FR001;7;4;8;7
90759;CR001;5;9;4;5
60645;BG001;8;7;10;8
60645;GH001;9;4;9;9
60645;EF001;9;9;10;9
60645;LL001;9;5;7;7
60645;MA001;5;10;4;5
60645;MU001;4;8;8;8
60645;IN001;10;4;10;10
60645;FR001;6;9;6;6
60645;CR001;6;7;9;7
11033;BG001;7;6;5;6
11033;GH001;10;9;5;9
11033;EF001;8;8;9;8
11033;LL001;9;6;6;6
11033;MA001;6;6;5;6
11033;MU001;8;5;10;8
11033;IN001;4;4;7;4
11033;FR001;6;8;4;6
11033;CC001;8;7;7;7
40643;BG001;4;4;5;4
40643;GH001;6;8;7;7
40643;EF001;4;8;10;8
40643;LL001;8;9;6;8
40643;MA001;6;7;4;6
40643;MU001;4;5;6;5
40643;IN001;10;9;9;9
40643;FR001;6;8;6;6
40643;CR001;10;8;10;10
92133;BG001;5;4;10;5
92133;GH001;4;5;8;5
92133;EF001;6;10;7;7
92133;LL001;5;4;4;4
92133;MA001;7;10;6;7
92133;MU001;8;7;9;8
92133;IN001;9;7;4;7
92133;FR001;6;6;6;6
92133;CR001;8;10;4;8
40644;BG001;9;8;6;8
40644;GH001;7;7;10;7
40644;EF001;5;6;4;5
40644;LL001;8;8;5;8
40644;MA001;7;7;5;7
40644;MU001;8;9;4;8
40644;IN001;6;7;7;7
40644;FR001;7;8;8;8
40644;CR001;6;6;8;6
34930;BG001;7;4;8;7
34930;GH001;7;7;4;7
34930;EF001;7;4;4;4
34930;LL001;9;9;8;9
34930;MA001;6;6;4;6
34930;MU001;4;4;5;4
34930;IN001;6;6;4;6
34930;FR001;8;9;4;8
34930;CC001;8;7;9;8
40645;BG001;7;9;8;8
40645;GH001;5;8;9;8
40645;EF001;8;7;5;7
40645;LL001;7;5;7;7
40645;MA001;4;8;6;6
40645;MU001;7;4;4;4
40645;IN001;5;4;4;4
40645;FR001;7;4;10;7
40645;CR001;4;5;10;5
10896;BG001;9;10;7;9
10896;GH001;5;5;6;5
10896;EF001;9;6;7;7
10896;LL001;8;6;10;8
10896;MA001;7;6;7;7
10896;MU001;7;10;10;10
10896;IN001;7;7;6;7
10896;FR001;6;8;5;6
10896;CR001;10;9;4;9
48163;BG001;6;10;10;10
48163;GH001;5;9;10;9
48163;EF001;4;10;9;9
48163;LL001;6;10;8;8
48163;MA001;4;10;6;6
48163;MU001;7;6;6;6
48163;IN001;6;6;9;6
48163;FR001;6;6;10;6
48163;CR001;10;4;8;8
60647;BG001;4;5;9;5
60647;GH001;8;9;6;8
60647;EF001;7;5;8;7
60647;LL001;8;7;4;7
60647;MA001;5;7;6;6
60647;MU001;8;6;7;7
60647;IN001;5;5;7;5
60647;FR001;4;7;10;7
60647;CC001;5;5;9;5
52465;BG001;4;5;6;5
52465;GH001;6;7;8;7
52465;EF001;9;6;9;9
52465;LL001;5;4;7;5
52465;MA001;8;8;5;8
52465;MU001;6;8;9;8
52465;IN001;10;4;4;4
52465;FR001;5;10;7;7
52465;CR001;6;7;4;6
60649;BG001;8;9;7;8
60649;GH001;9;7;8;8
60649;EF001;8;6;5;6
60649;LL001;4;10;9;9
60649;MA001;10;4;9;9
60649;MU001;10;10;8;10
60649;IN001;10;9;7;9
60649;FR001;7;9;10;9
60649;CR001;6;4;5;5
83014;BG001;5;9;4;5
83014;GH001;8;10;6;8
83014;EF001;9;5;4;5
83014;LL001;8;4;5;5
83014;MA001;7;7;5;7
83014;MU001;7;5;4;5
83014;IN001;8;10;6;8
83014;FR001;7;8;9;8
83014;CC001;10;6;7;7
60651;BG001;6;5;8;6
60651;GH001;4;8;4;4
60651;EF001;6;8;8;8
60651;LL001;5;9;9;9
60651;MA001;5;8;8;8
60651;MU001;4;10;10;10
60651;IN001;8;4;6;6
60651;FR001;10;4;8;8
60651;CR001;10;9;8;9
51695;BG001;4;5;4;4
51695;GH001;8;8;9;8
51695;EF001;7;4;9;7
51695;LL001;6;6;5;6
51695;MA001;10;8;10;10
51695;MU001;6;8;8;8
51695;IN001;5;6;5;5
51695;FR001;8;4;7;7
51695;CC001;9;6;7;7
51233;BG001;6;7;8;7
51233;GH001;4;8;4;4
51233;EF001;9;4;5;5
51233;LL001;8;5;9;8
51233;MA001;7;9;6;7
51233;MU001;4;4;10;4
51233;IN001;5;6;8;6
51233;FR001;8;5;8;8
51233;CC001;10;9;10;10
19043;BG001;5;10;5;5
19043;GH001;6;9;5;6
19043;EF001;10;8;10;10
19043;LL001;10;7;8;8
19043;MA001;8;5;8;8
19043;MU001;4;5;8;5
19043;IN001;5;10;4;5
19043;FR001;4;8;7;7
19043;CC001;5;9;6;6
61030;BG001;4;4;10;4
61030;GH001;4;8;8;8
61030;EF001;4;7;9;7
61030;LL001;6;5;8;6
61030;MA001;6;5;7;6
61030;MU001;6;8;6;6
61030;IN001;5;4;8;5
61030;FR001;4;4;4;4
61030;CR001;8;4;5;5
94714;BG001;9;9;4;9
94714;GH001;8;5;8;8
94714;EF001;4;9;5;5
94714;LL001;4;4;10;4
94714;MA001;5;6;5;5
94714;MU001;5;5;7;5
94714;IN001;6;4;8;6
94714;FR001;7;9;6;7
94714;CC001;8;8;7;8
56294;BG001;7;4;9;7
56294;GH001;7;5;7;7
56294;EF001;8;4;10;8
56294;LL001;8;6;6;6
56294;MA001;8;8;8;8
56294;MU001;8;6;4;6
56294;IN001;9;7;6;7
56294;FR001;8;5;7;7
56294;CR001;10;8;4;8
7551;BG001;10;6;5;6
7551;GH001;7;9;6;7
7551;EF001;7;9;4;7
7551;LL001;10;7;9;9
7551;MA001;7;10;10;10
7551;MU001;8;9;8;8
7551;IN001;9;6;9;9
7551;FR001;8;5;7;7
7551;CR001;10;6;8;8
45913;BG001;7;9;10;9
45913;GH001;7;4;8;7
45913;EF001;10;7;8;8
45913;LL001;10;4;7;7
45913;MA001;9;9;6;9
45913;MU001;5;8;7;7
45913;IN001;7;9;8;8
45913;FR001;6;7;5;6
45913;CC001;9;8;4;8
60653;BG001;6;10;9;9
60653;GH001;4;8;7;7
60653;EF001;5;7;9;7
60653;LL001;6;5;5;5
60653;MA001;5;9;9;9
60653;MU001;10;5;4;5
60653;IN001;8;5;6;6
60653;FR001;8;8;6;8
60653;CC001;9;8;6;8
41034;BG001;9;9;8;9
41034;GH001;4;9;6;6
41034;EF001;6;7;9;7
41034;LL001;8;10;5;8
41034;MA001;7;7;7;7
41034;MU001;4;10;4;4
41034;IN001;6;4;7;6
41034;FR001;9;4;10;9
41034;CR001;6;10;4;6
43896;BG001;5;9;6;6
43896;GH001;5;10;4;5
43896;EF001;6;6;6;6
43896;LL001;8;4;10;8
43896;MA001;7;4;8;7
43896;MU001;6;8;5;6
43896;IN001;10;4;8;8
43896;FR001;6;7;6;6
43896;CC001;9;6;7;7
74563;BG001;4;6;6;6
74563;GH001;10;9;10;10
74563;EF001;10;8;5;8
74563;LL001;7;4;6;6
74563;MA001;4;4;8;4
74563;MU001;10;8;5;8
74563;IN001;9;5;4;5
74563;FR001;6;10;9;9
74563;CC001;4;9;6;6
40646;BG001;7;10;8;8
40646;GH001;9;4;5;5
40646;EF001;4;10;10;10
40646;LL001;10;8;10;10
40646;MA001;6;9;8;8
40646;MU001;7;4;10;7
40646;IN001;10;8;7;8
40646;FR001;4;6;6;6
40646;CC001;6;10;8;8
4714;BG001;4;6;9;6
4714;GH001;7;7;9;7
4714;EF001;5;6;8;6
4714;LL001;5;4;7;5
4714;MA001;9;4;9;9
4714;MU001;6;7;7;7
4714;IN001;7;4;6;6
4714;FR001;10;9;7;9
4714;CR001;6;5;6;6
89924;BG001;9;5;9;9
89924;GH001;5;9;9;9
89924;EF001;9;4;4;4
89924;LL001;7;5;6;6
89924;MA001;9;4;10;9
89924;MU001;4;6;7;6
89924;IN001;6;5;7;6
89924;FR001;4;5;7;5
89924;CR001;4;5;5;5
60655;BG001;4;6;10;6
60655;GH001;4;4;8;4
60655;EF001;9;10;4;9
60655;LL001;9;8;4;8
60655;MA001;7;7;8;7
60655;MU001;7;7;6;7
60655;IN001;10;9;5;9
60655;FR001;10;4;8;8
60655;CC001;9;6;9;9
60657;BG001;10;7;4;7
60657;GH001;9;4;7;7
60657;EF001;10;7;4;7
60657;LL001;9;10;9;9
60657;MA001;6;4;6;6
60657;MU001;6;9;9;9
60657;IN001;8;5;9;8
60657;FR001;7;6;5;6
60657;CR001;5;8;5;5
56334;BG001;8;7;8;8
56334;GH001;10;7;7;7
56334;EF001;5;5;4;5
56334;LL001;8;4;6;6
56334;MA001;8;8;7;8
56334;MU001;8;5;7;7
56334;IN001;10;8;9;9
56334;FR001;4;4;4;4
56334;CR001;7;6;8;7
20320;BG001;6;4;8;6
20320;GH001;5;8;7;7
20320;EF001;10;6;4;6
20320;LL001;4;6;7;6
20320;MA001;7;5;7;7
20320;MU001;5;6;4;5
20320;IN001;5;4;8;5
20320;FR001;10;9;5;9
20320;CR001;6;5;4;5
78949;BG001;6;6;6;6
78949;GH001;7;4;8;7
78949;EF001;9;6;8;8
78949;LL001;5;6;10;6
78949;MA001;5;7;6;6
78949;MU001;10;5;5;5
78949;IN001;4;10;10;10
78949;FR001;8;6;9;8
78949;CC001;10;5;8;8
28127;BG001;10;6;5;6
28127;GH001;10;4;4;4
28127;EF001;5;10;6;6
28127;LL001;4;6;9;6
28127;MA001;10;6;5;6
28127;MU001;9;9;6;9
28127;IN001;6;6;7;6
28127;FR001;10;5;10;10
28127;CR001;9;4;5;5
58626;BG001;8;9;7;8
58626;GH001;10;4;4;4
58626;EF001;4;7;7;7
58626;LL001;5;6;4;5
58626;MA001;9;10;4;9
58626;MU001;7;10;9;9
58626;IN001;8;7;6;7
58626;FR001;5;7;10;7
58626;CR001;5;10;6;6
7120;BG001;8;8;7;8
7120;GH001;6;7;10;7
7120;EF001;9;4;5;5
7120;LL001;9;5;10;9
7120;MA001;10;9;9;9
7120;MU001;7;9;8;8
7120;IN001;6;10;10;10
7120;FR001;5;6;10;6
7120;CR001;7;5;4;5
68023;BG001;4;8;4;4
68023;GH001;4;9;8;8
68023;EF001;4;6;10;6
68023;LL001;5;6;6;6
68023;MA001;8;5;5;5
68023;MU001;4;5;8;5
68023;IN001;6;10;4;6
68023;FR001;7;7;8;7
68023;CC001;9;10;5;9
2854;BG001;8;4;4;4
2854;GH001;4;7;5;5
2854;EF001;10;5;8;8
2854;LL001;8;5;5;5
2854;MA001;5;8;10;8
2854;MU001;7;5;8;7
2854;IN001;8;9;6;8
2854;FR001;8;8;4;8
2854;CR001;7;6;10;7
81961;BG001;6;10;7;7
81961;GH001;5;5;4;5
81961;EF001;5;10;4;5
81961;LL001;4;8;7;7
81961;MA001;10;5;9;9
81961;MU001;8;4;8;8
81961;IN001;6;8;4;6
81961;FR001;4;5;10;5
81961;CR001;6;4;7;6
61834;BG001;5;8;9;8
61834;GH001;7;8;10;8
61834;EF001;4;6;6;6
61834;LL001;8;6;7;7
61834;MA001;9;8;5;8
61834;MU001;10;8;7;8
61834;IN001;4;9;7;7
61834;FR001;6;9;10;9
61834;CC001;10;7;7;7
35855;BG001;10;10;7;10
35855;GH001;4;4;5;4
35855;EF001;6;6;7;6
35855;LL001;10;5;5;5
35855;MA001;7;7;8;7
35855;MU001;6;10;5;6
35855;IN001;6;6;5;6
35855;FR001;4;8;5;5
35855;CC001;9;5;5;5
64050;BG001;5;7;7;7
64050;GH001;5;8;9;8
64050;EF001;4;7;7;7
64050;LL001;8;10;5;8
64050;MA001;9;6;7;7
64050;MU001;9;9;4;9
64050;IN001;6;8;4;6
64050;FR001;9;4;8;8
64050;CR001;8;10;9;9
67718;BG001;6;8;8;8
67718;GH001;5;5;9;5
67718;EF001;6;8;9;8
67718;LL001;10;6;5;6
67718;MA001;10;9;5;9
67718;MU001;6;5;6;6
67718;IN001;9;7;9;9
67718;FR001;7;8;7;7
67718;CC001;10;5;7;7
8980;BG001;9;5;4;5
8980;GH001;6;4;7;6
8980;EF001;4;8;4;4
8980;LL001;10;8;6;8
8980;MA001;8;4;4;4
8980;MU001;4;8;6;6
8980;IN001;6;5;5;5
8980;FR001;4;10;6;6
8980;CC001;5;6;9;6
2471;BG001;7;6;6;6
2471;GH001;7;4;9;7
2471;EF001;6;8;8;8
2471;LL001;8;4;7;7
2471;MA001;9;8;8;8
2471;MU001;5;6;8;6
2471;IN001;5;8;9;8
2471;FR001;8;8;5;8
2471;CC001;9;4;8;8
45626;BG001;10;4;8;8
45626;GH001;5;4;7;5
45626;EF001;7;8;8;8
45626;LL001;4;9;8;8
45626;MA001;7;10;10;10
45626;MU001;4;8;4;4
45626;IN001;6;9;6;6
45626;FR001;9;6;9;9
45626;CR001;10;7;9;9
35834;BG001;5;6;8;6
35834;GH001;10;4;10;10
35834;EF001;8;4;10;8
35834;LL001;8;5;4;5
35834;MA001;9;8;10;9
35834;MU001;6;10;9;9
35834;IN001;10;10;8;10
35834;FR001;8;5;9;8
35834;CC001;9;4;8;8
55673;BG001;10;10;7;10
55673;GH001;7;5;9;7
55673;EF001;9;7;8;8
55673;LL001;8;5;5;5
55673;MA001;10;10;8;10
55673;MU001;8;10;10;10
55673;IN001;6;5;4;5
55673;FR001;9;9;9;9
55673;CR001;4;7;8;7
8273;BG001;6;9;5;6
8273;GH001;4;6;9;6
8273;EF001;9;5;5;5
8273;LL001;7;8;5;7
8273;MA001;4;4;4;4
8273;MU001;5;7;4;5
8273;IN001;10;4;8;8
8273;FR001;7;8;10;8
8273;CR001;4;7;7;7
60213;BG001;10;6;6;6
60213;GH001;5;8;9;8
60213;EF001;5;7;5;5
60213;LL001;5;10;7;7
60213;MA001;6;5;8;6
60213;MU001;7;6;7;7
60213;IN001;5;5;10;5
60213;FR001;6;7;10;7
60213;CC001;9;7;10;9
66648;BG001;4;9;8;8
66648;GH001;5;6;4;5
66648;EF001;6;8;8;8
66648;LL001;5;10;5;5
66648;MA001;9;6;5;6
66648;MU001;4;4;7;4
66648;IN001;6;4;5;5
66648;FR001;10;7;9;9
66648;CC001;9;6;10;9
90420;BG001;4;9;8;8
90420;GH001;10;9;7;9
90420;EF001;5;5;8;5
90420;LL001;10;4;10;10
90420;MA001;4;5;9;5
90420;MU001;6;5;4;5
90420;IN001;5;4;10;5
90420;FR001;4;6;6;6
90420;CR001;7;4;8;7
9939;BG001;9;4;5;5
9939;GH001;7;4;4;4
9939;EF001;6;9;5;6
9939;LL001;9;5;9;9
9939;MA001;8;8;4;8
9939;MU001;4;10;5;5
9939;IN001;9;5;7;7
9939;FR001;5;9;4;5
9939;CC001;7;6;6;6
70209;BG001;8;4;4;4
70209;GH001;9;6;4;6
70209;EF001;6;8;8;8
70209;LL001;9;9;6;9
70209;MA001;7;10;4;7
70209;MU001;9;10;5;9
70209;IN001;9;8;9;9
70209;FR001;10;5;6;6
70209;CC001;8;9;5;8
79682;BG001;6;8;9;8
79682;GH001;7;8;7;7
79682;EF001;4;5;8;5
79682;LL001;9;10;10;10
79682;MA001;8;10;9;9
79682;MU001;4;4;4;4
79682;IN001;8;8;5;8
79682;FR001;4;8;8;8
79682;CC001;8;7;7;7
40647;BG001;4;9;10;9
40647;GH001;8;5;8;8
40647;EF001;9;9;9;9
40647;LL001;6;8;10;8
40647;MA001;7;10;5;7
40647;MU001;9;4;4;4
40647;IN001;4;8;10;8
40647;FR001;9;5;6;6
40647;CR001;7;8;10;8
9278;BG001;8;5;4;5
9278;GH001;6;8;7;7
9278;EF001;5;6;4;5
9278;LL001;7;6;4;6
9278;MA001;8;6;9;8
9278;MU001;6;7;8;7
9278;IN001;10;9;5;9
9278;FR001;4;7;6;6
9278;CR001;8;4;5;5
3027;BG001;7;4;4;4
3027;GH001;6;7;4;6
3027;EF001;4;9;5;5
3027;LL001;5;8;6;6
3027;MA001;9;6;9;9
3027;MU001;5;7;5;5
3027;IN001;10;4;4;4
3027;FR001;9;6;7;7
3027;CC001;5;7;4;5
69878;BG001;6;8;7;7
69878;GH001;10;9;10;10
69878;EF001;9;10;10;10
69878;LL001;5;9;10;9
69878;MA001;9;6;10;9
69878;MU001;6;9;4;6
69878;IN001;10;7;9;9
69878;FR001;10;9;5;9
69878;CR001;9;4;5;5
4084;BG001;9;6;4;6
4084;GH001;4;9;6;6
4084;EF001;9;8;4;8
4084;LL001;5;9;5;5
4084;MA001;5;7;10;7
4084;MU001;9;9;5;9
4084;IN001;10;6;8;8
4084;FR001;9;8;8;8
4084;CR001;6;5;8;6
28795;BG001;9;8;10;9
28795;GH001;4;5;5;5
28795;EF001;7;8;5;7
28795;LL001;8;4;9;8
28795;MA001;4;8;9;8
28795;MU001;9;8;10;9
28795;IN001;9;10;9;9
28795;FR001;8;5;5;5
28795;CR001;6;4;9;6
21196;BG001;5;6;4;5
21196;GH001;7;4;4;4
21196;EF001;10;8;7;8
21196;LL001;8;8;6;8
21196;MA001;9;8;4;8
21196;MU001;7;8;6;7
21196;IN001;10;8;6;8
21196;FR001;9;4;9;9
21196;CC001;6;6;5;6
62085;BG001;10;10;9;10
62085;GH001;4;4;8;4
62085;EF001;7;10;4;7
62085;LL001;10;4;7;7
62085;MA001;6;9;9;9
62085;MU001;5;4;4;4
62085;IN001;8;9;5;8
62085;FR001;8;4;4;4
62085;CR001;5;7;4;5
11034;BG001;8;10;10;10
11034;GH001;6;8;4;6
11034;EF001;8;8;10;8
11034;LL001;9;7;5;7
11034;MA001;7;4;6;6
11034;MU001;4;10;7;7
11034;IN001;6;5;6;6
11034;FR001;4;4;5;4
11034;CR001;4;6;6;6
53467;BG001;7;9;4;7
53467;GH001;8;4;6;6
53467;EF001;10;9;9;9
53467;LL001;9;10;10;10
53467;MA001;5;10;9;9
53467;MU001;6;8;4;6
53467;IN001;4;10;7;7
53467;FR001;6;4;6;6
53467;CR001;5;6;5;5
82935;BG001;8;6;5;6
82935;GH001;5;4;8;5
82935;EF001;8;9;4;8
82935;LL001;5;9;7;7
82935;MA001;9;8;7;8
82935;MU001;7;6;7;7
82935;IN001;9;6;7;7
82935;FR001;9;8;9;9
82935;CC001;7;6;5;6
82587;BG001;6;6;10;6
82587;GH001;4;7;5;5
82587;EF001;7;4;4;4
82587;LL001;10;5;6;6
82587;MA001;6;8;7;7
82587;MU001;5;10;9;9
82587;IN001;8;4;9;8
82587;FR001;7;8;6;7
82587;CR001;8;7;6;7
66674;BG001;5;5;6;5
66674;GH001;5;10;7;7
66674;EF001;5;4;6;5
66674;LL001;5;6;9;6
66674;MA001;4;6;5;5
66674;MU001;6;5;10;6
66674;IN001;6;6;5;6
66674;FR001;8;7;8;8
66674;CR001;9;5;8;8
43885;BG001;8;6;5;6
43885;GH001;7;8;10;8
43885;EF001;9;9;6;9
43885;LL001;4;6;5;5
43885;MA001;9;5;5;5
43885;MU001;10;6;7;7
43885;IN001;7;7;6;7
43885;FR001;5;8;7;7
43885;CC001;7;4;6;6
4086;BG001;4;5;6;5
4086;GH001;6;5;6;6
4086;EF001;10;10;4;10
4086;LL001;8;10;8;8
4086;MA001;4;9;6;6
4086;MU001;9;6;7;7
4086;IN001;4;10;8;8
4086;FR001;6;10;10;10
4086;CC001;6;7;9;7
61035;FQ002;8;7;4;7
61035;GH002;10;7;7;7
61035;EF002;9;8;8;8
61035;EP002;8;9;6;8
61035;LL002;10;9;9;9
61035;MA002;6;7;5;6
61035;MU002;9;6;6;6
61035;TE002;6;10;4;6
61035;IN002;5;6;10;6
61035;FR002;4;6;9;6
61035;CS002;5;8;4;5
61040;FQ002;8;9;5;8
61040;GH002;5;6;7;6
61040;EF002;7;10;4;7
61040;EP002;8;7;4;7
61040;LL002;8;6;7;7
61040;MA002;10;8;8;8
61040;MU002;6;6;7;6
61040;TE002;10;5;7;7
61040;IN002;5;7;10;7
61040;FR002;7;8;5;7
61040;CS002;4;8;4;4
61045;FQ002;5;5;9;5
61045;GH002;4;4;4;4
61045;EF002;8;7;8;8
61045;EP002;6;6;7;6
61045;LL002;8;5;6;6
61045;MA002;7;7;6;7
61045;MU002;6;9;10;9
61045;TE002;10;6;9;9
61045;IN002;5;10;9;9
61045;FR002;8;4;6;6
61045;CS002;10;8;5;8
64963;FQ002;5;8;7;7
64963;GH002;8;10;6;8
64963;EF002;7;6;7;7
64963;EP002;4;8;4;4
64963;LL002;4;7;8;7
64963;MA002;8;10;10;10
64963;MU002;7;5;5;5
64963;TE002;5;5;6;5
64963;IN002;8;6;6;6
64963;FR002;9;10;6;9
64963;CS002;4;6;6;6
16212;FQ002;9;9;4;9
16212;GH002;6;5;6;6
16212;EF002;5;5;5;5
16212;EP002;4;10;10;10
16212;LL002;5;10;10;10
16212;MA002;6;6;6;6
16212;MU002;9;7;10;9
16212;TE002;7;7;4;7
16212;IN002;10;9;4;9
16212;FR002;10;7;9;9
16212;CS002;5;10;4;5
8604;FQ002;8;8;10;8
8604;GH002;7;5;7;7
8604;EF002;7;4;6;6
8604;EP002;6;6;8;6
8604;LL002;6;9;4;6
8604;MA002;4;10;7;7
8604;MU002;4;8;7;7
8604;TE002;4;8;4;4
8604;IN002;9;9;10;9
8604;FR002;9;5;9;9
8604;CV002;8;5;7;7
60659;FQ002;9;9;8;9
60659;GH002;5;5;5;5
60659;EF002;8;5;8;8
60659;EP002;4;6;10;6
60659;LL002;10;4;7;7
60659;MA002;5;9;9;9
60659;MU002;8;6;4;6
60659;TE002;4;4;9;4
60659;IN002;9;7;6;7
60659;FR002;4;4;9;4
60659;CV002;10;9;4;9
60661;FQ002;10;6;10;10
60661;GH002;5;9;5;5
60661;EF002;8;5;10;8
60661;EP002;5;7;5;5
60661;LL002;6;5;9;6
60661;MA002;4;5;8;5
60661;MU002;5;5;8;5
60661;TE002;7;4;6;6
60661;IN002;5;9;10;9
60661;FR002;4;9;7;7
60661;CV002;6;6;10;6
22913;FQ002;7;7;6;7
22913;GH002;4;8;6;6
22913;EF002;9;5;10;9
22913;EP002;4;6;7;6
22913;LL002;6;4;6;6
22913;MA002;10;9;4;9
22913;MU002;8;10;5;8
22913;TE002;10;8;8;8
22913;IN002;10;5;8;8
22913;FR002;8;7;5;7
22913;CV002;5;8;7;7
97717;FQ002;4;6;4;4
97717;GH002;9;10;4;9
97717;EF002;7;5;5;5
97717;EP002;8;7;9;8
97717;LL002;5;7;10;7
97717;MA002;5;6;6;6
97717;MU002;8;4;6;6
97717;TE002;6;5;10;6
97717;IN002;5;5;8;5
97717;FR002;5;5;9;5
97717;CV002;10;5;5;5
3039;FQ002;9;7;5;7
3039;GH002;10;6;10;10
3039;EF002;7;7;9;7
3039;EP002;10;6;5;6
3039;LL002;4;6;10;6
3039;MA002;7;6;8;7
3039;MU002;5;10;10;10
3039;TE002;6;5;7;6
3039;IN002;8;7;8;8
3039;FR002;8;9;7;8
3039;CV002;10;8;8;8
31366;FQ002;9;9;8;9
31366;GH002;7;6;10;7
31366;EF002;6;8;9;8
31366;EP002;8;9;5;8
31366;LL002;4;5;10;5
31366;MA002;5;6;10;6
31366;MU002;4;6;7;6
31366;TE002;8;8;10;8
31366;IN002;7;6;9;7
31366;FR002;6;4;7;6
31366;CV002;4;7;8;7
94689;FQ002;8;6;7;7
94689;GH002;10;9;9;9
94689;EF002;5;10;5;5
94689;EP002;4;5;6;5
94689;LL002;9;4;8;8
94689;MA002;9;9;4;9
94689;MU002;10;7;10;10
94689;TE002;10;8;5;8
94689;IN002;9;4;4;4
94689;FR002;5;4;8;5
94689;CV002;6;8;10;8
7958;FQ002;4;10;6;6
7958;GH002;9;6;6;6
7958;EF002;10;7;5;7
7958;EP002;10;4;6;6
7958;LL002;10;7;9;9
7958;MA002;9;7;7;7
7958;MU002;9;8;10;9
7958;TE002;10;5;8;8
7958;IN002;5;9;6;6
7958;FR002;6;7;10;7
7958;CS002;10;7;4;7
31219;FQ002;4;8;8;8
31219;GH002;9;5;4;5
31219;EF002;4;6;7;6
31219;EP002;4;5;4;4
31219;LL002;9;7;8;8
31219;MA002;5;6;5;5
31219;MU002;8;4;8;8
31219;TE002;7;9;6;7
31219;IN002;5;10;8;8
31219;FR002;10;9;7;9
31219;CS002;8;7;8;8
10497;FQ002;10;9;4;9
10497;GH002;7;7;7;7
10497;EF002;5;4;10;5
10497;EP002;6;7;6;6
10497;LL002;4;4;9;4
10497;MA002;9;10;9;9
10497;MU002;4;6;4;4
10497;TE002;4;5;9;5
10497;IN002;6;9;8;8
10497;FR002;4;9;6;6
10497;CS002;5;10;8;8
11035;FQ002;6;7;7;7
11035;GH002;10;4;8;8
11035;EF002;5;4;8;5
11035;EP002;8;6;7;7
11035;LL002;9;7;7;7
11035;MA002;4;8;4;4
11035;MU002;10;10;4;10
11035;TE002;5;4;5;5
11035;IN002;10;4;4;4
11035;FR002;10;4;9;9
11035;CS002;6;5;5;5
2565;FQ002;7;4;9;7
2565;GH002;8;6;6;6
2565;EF002;8;5;7;7
2565;EP002;5;7;8;7
2565;LL002;10;4;6;6
2565;MA002;4;5;9;5
2565;MU002;7;9;8;8
2565;TE002;9;7;7;7
2565;IN002;8;6;8;8
2565;FR002;5;7;7;7
2565;CS002;9;6;7;7
40019;FQ002;5;7;5;5
40019;GH002;4;9;6;6
40019;EF002;9;4;5;5
40019;EP002;7;6;6;6
40019;LL002;7;7;8;7
40019;MA002;7;5;9;7
40019;MU002;4;10;4;4
40019;TE002;5;5;6;5
40019;IN002;5;4;7;5
40019;FR002;10;9;5;9
40019;CS002;5;9;10;9
53429;FQ002;7;4;4;4
53429;GH002;5;9;8;8
53429;EF002;6;6;10;6
53429;EP002;5;4;5;5
53429;LL002;7;4;6;6
53429;MA002;5;8;4;5
53429;MU002;8;8;8;8
53429;TE002;6;6;8;6
53429;IN002;6;10;5;6
53429;FR002;9;4;10;9
53429;CS002;9;6;5;6
6401;FQ002;6;6;6;6
6401;GH002;9;7;4;7
6401;EF002;5;7;10;7
6401;EP002;8;5;7;7
6401;LL002;6;10;5;6
6401;MA002;9;8;5;8
6401;MU002;5;9;7;7
6401;TE002;9;7;4;7
6401;IN002;4;6;8;6
6401;FR002;5;5;5;5
6401;CS002;10;5;9;9
66404;FQ002;7;10;5;7
66404;GH002;5;4;9;5
66404;EF002;5;9;5;5
66404;EP002;4;6;7;6
66404;LL002;10;4;5;5
66404;MA002;5;10;5;5
66404;MU002;8;10;5;8
66404;TE002;8;6;9;8
66404;IN002;4;10;8;8
66404;FR002;4;9;6;6
66404;CS002;8;9;5;8
70644;FQ002;7;7;10;7
70644;GH002;6;4;9;6
70644;EF002;6;9;4;6
70644;EP002;7;4;4;4
70644;LL002;9;5;8;8
70644;MA002;7;5;4;5
70644;MU002;7;9;4;7
70644;TE002;6;8;9;8
70644;IN002;10;10;7;10
70644;FR002;8;5;6;6
70644;CS002;7;5;7;7
6400;FQ002;7;6;8;7
6400;GH002;6;4;4;4
6400;EF002;4;6;4;4
6400;EP002;4;8;8;8
6400;LL002;5;9;6;6
6400;MA002;9;8;10;9
6400;MU002;10;9;5;9
6400;TE002;9;9;7;9
6400;IN002;5;6;4;5
6400;FR002;10;4;5;5
6400;CS002;10;8;9;9
70648;FQ002;8;5;8;8
70648;GH002;8;4;5;5
70648;EF002;8;9;8;8
70648;EP002;10;7;7;7
70648;LL002;9;7;8;8
70648;MA002;10;4;5;5
70648;MU002;5;6;6;6
70648;TE002;7;8;8;8
70648;IN002;10;6;10;10
70648;FR002;9;4;7;7
70648;CS002;8;7;4;7
73347;FQ002;5;8;10;8
73347;GH002;9;5;8;8
73347;EF002;6;8;9;8
73347;EP002;6;10;10;10
73347;LL002;6;6;10;6
73347;MA002;10;9;10;10
73347;MU002;9;7;5;7
73347;TE002;4;4;8;4
73347;IN002;9;6;6;6
73347;FR002;4;7;5;5
73347;CS002;5;9;10;9
60663;FQ002;6;4;4;4
60663;GH002;6;7;4;6
60663;EF002;7;4;9;7
60663;EP002;8;4;6;6
60663;LL002;4;4;9;4
60663;MA002;4;9;4;4
60663;MU002;9;7;9;9
60663;TE002;9;6;9;9
60663;IN002;5;6;9;6
60663;FR002;5;4;4;4
60663;CS002;9;4;6;6
26749;FQ002;10;8;10;10
26749;GH002;4;6;5;5
26749;EF002;4;9;4;4
26749;EP002;6;9;9;9
26749;LL002;7;7;7;7
26749;MA002;8;6;9;8
26749;MU002;8;10;10;10
26749;TE002;9;10;8;9
26749;IN002;4;10;6;6
26749;FR002;6;10;9;9
26749;CS002;4;5;9;5
63089;FQ002;6;7;5;6
63089;GH002;5;6;9;6
63089;EF002;10;6;7;7
63089;EP002;8;4;8;8
63089;LL002;5;7;4;5
63089;MA002;7;4;7;7
63089;MU002;4;7;10;7
63089;TE002;10;8;7;8
63089;IN002;6;7;4;6
63089;FR002;4;4;4;4
63089;CS002;10;8;9;9
62345;FQ002;6;8;9;8
62345;GH002;10;4;8;8
62345;EF002;7;8;10;8
62345;EP002;4;5;5;5
62345;LL002;6;7;5;6
62345;MA002;8;4;4;4
62345;MU002;4;9;7;7
62345;TE002;6;5;4;5
62345;IN002;10;9;6;9
62345;FR002;6;7;6;6
62345;CV002;5;4;8;5
28168;FQ002;9;6;6;6
28168;GH002;5;9;8;8
28168;EF002;5;6;4;5
28168;EP002;7;9;8;8
28168;LL002;9;4;10;9
28168;MA002;7;6;10;7
28168;MU002;5;6;5;5
28168;TE002;4;5;6;5
28168;IN002;10;4;8;8
28168;FR002;5;7;10;7
28168;CV002;7;5;9;7
70652;FQ002;6;7;7;7
70652;GH002;5;4;5;5
70652;EF002;9;5;9;9
70652;EP002;10;9;4;9
70652;LL002;9;10;4;9
70652;MA002;9;9;7;9
70652;MU002;8;10;7;8
70652;TE002;4;5;8;5
70652;IN002;7;7;4;7
70652;FR002;6;4;5;5
70652;CV002;10;7;5;7
11036;FQ002;9;8;4;8
11036;GH002;7;9;9;9
11036;EF002;6;7;8;7
11036;EP002;5;9;8;8
11036;LL002;8;10;5;8
11036;MA002;7;8;8;8
11036;MU002;4;7;5;5
11036;TE002;7;10;10;10
11036;IN002;4;7;9;7
11036;FR002;7;5;5;5
11036;CV002;6;8;10;8
70656;FQ002;4;6;4;4
70656;GH002;4;7;7;7
70656;EF002;5;6;8;6
70656;EP002;7;8;9;8
70656;LL002;5;8;4;5
70656;MA002;10;7;6;7
70656;MU002;5;7;9;7
70656;TE002;9;10;4;9
70656;IN002;7;10;10;10
70656;FR002;8;4;6;6
70656;CV002;8;5;4;5
30496;FQ002;7;4;6;6
30496;GH002;4;5;7;5
30496;EF002;4;5;5;5
30496;EP002;10;4;6;6
30496;LL002;8;7;7;7
30496;MA002;9;7;5;7
30496;MU002;8;7;9;8
30496;TE002;8;4;7;7
30496;IN002;8;8;7;8
30496;FR002;6;9;10;9
30496;CS002;8;6;8;8
30932;FQ002;8;7;6;7
30932;GH002;6;4;6;6
30932;EF002;6;4;10;6
30932;EP002;7;8;9;8
30932;LL002;4;10;8;8
30932;MA002;7;9;7;7
30932;MU002;9;4;7;7
30932;TE002;9;8;7;8
30932;IN002;8;6;5;6
30932;FR002;10;6;7;7
30932;CS002;4;9;6;6
70660;FQ002;8;8;4;8
70660;GH002;10;9;8;9
70660;EF002;4;4;6;4
70660;EP002;10;5;10;10
70660;LL002;4;9;6;6
70660;MA002;9;6;6;6
70660;MU002;8;7;7;7
70660;TE002;9;9;9;9
70660;IN002;8;8;8;8
70660;FR002;10;5;9;9
70660;CS002;4;6;9;6
46281;FQ002;4;4;7;4
46281;GH002;5;6;5;5
46281;EF002;10;7;8;8
46281;EP002;7;4;8;7
46281;LL002;4;9;8;8
46281;MA002;6;8;6;6
46281;MU002;6;4;10;6
46281;TE002;5;6;5;5
46281;IN002;6;9;5;6
46281;FR002;4;6;4;4
46281;CS002;10;8;5;8
19243;FQ002;9;10;6;9
19243;GH002;7;10;5;7
19243;EF002;7;10;6;7
19243;EP002;7;6;7;7
19243;LL002;8;7;4;7
19243;MA002;5;9;6;6
19243;MU002;5;6;9;6
19243;TE002;5;7;5;5
19243;IN002;4;8;4;4
19243;FR002;8;7;10;8
19243;CS002;7;6;7;7
26879;FQ002;5;7;5;5
26879;GH002;7;7;7;7
26879;EF002;7;8;5;7
26879;EP002;5;6;4;5
26879;LL002;10;5;6;6
26879;MA002;6;6;8;6
26879;MU002;8;6;5;6
26879;TE002;4;9;7;7
26879;IN002;5;10;9;9
26879;FR002;4;9;7;7
26879;CS002;7;7;6;7
80640;FQ002;9;7;7;7
80640;GH002;4;8;7;7
80640;EF002;9;4;9;9
80640;EP002;6;10;9;9
80640;LL002;8;5;9;8
80640;MA002;5;9;5;5
80640;MU002;5;6;6;6
80640;TE002;4;7;9;7
80640;IN002;7;10;4;7
80640;FR002;4;10;8;8
80640;CS002;8;10;6;8
34241;FQ002;10;7;7;7
34241;GH002;5;6;6;6
34241;EF002;8;8;9;8
34241;EP002;7;9;9;9
34241;LL002;9;6;4;6
34241;MA002;5;6;7;6
34241;MU002;7;6;7;7
34241;TE002;7;7;5;7
34241;IN002;5;9;8;8
34241;FR002;9;4;9;9
34241;CS002;10;4;5;5
78520;FQ002;6;5;8;6
78520;GH002;9;7;9;9
78520;EF002;6;9;9;9
78520;EP002;10;8;9;9
78520;LL002;7;6;7;7
78520;MA002;8;10;8;8
78520;MU002;5;9;5;5
78520;TE002;5;8;8;8
78520;IN002;9;7;6;7
78520;FR002;4;6;6;6
78520;CS002;4;5;6;5
72651;FQ002;8;7;4;7
72651;GH002;7;9;8;8
72651;EF002;10;10;4;10
72651;EP002;4;8;7;7
72651;LL002;4;4;9;4
72651;MA002;6;5;4;5
72651;MU002;4;5;4;4
72651;TE002;8;10;5;8
72651;IN002;5;6;10;6
72651;FR002;7;8;5;7
72651;CS002;4;4;6;4
38746;FQ002;9;4;9;9
38746;GH002;4;7;7;7
38746;EF002;4;6;6;6
38746;EP002;4;6;4;4
38746;LL002;8;6;8;8
38746;MA002;5;6;9;6
38746;MU002;7;8;8;8
38746;TE002;8;6;9;8
38746;IN002;10;5;4;5
38746;FR002;5;10;5;5
38746;CS002;5;6;9;6
91735;FQ002;10;6;10;10
91735;GH002;9;9;9;9
91735;EF002;4;6;6;6
91735;EP002;8;5;10;8
91735;LL002;6;10;7;7
91735;MA002;7;8;5;7
91735;MU002;6;7;9;7
91735;TE002;9;9;9;9
91735;IN002;8;6;7;7
91735;FR002;5;8;9;8
91735;CS002;4;6;5;5
60665;FQ002;4;8;9;8
60665;GH002;7;8;6;7
60665;EF002;6;4;10;6
60665;EP002;9;7;6;7
60665;LL002;6;10;7;7
60665;MA002;6;5;4;5
60665;MU002;4;6;7;6
60665;TE002;9;5;9;9
60665;IN002;9;6;6;6
60665;FR002;9;4;4;4
60665;CS002;4;9;4;4
60667;FQ002;5;5;4;5
60667;GH002;7;9;10;9
60667;EF002;10;6;8;8
60667;EP002;5;5;6;5
60667;LL002;8;7;7;7
60667;MA002;8;8;8;8
60667;MU002;8;4;6;6
60667;TE002;5;5;7;5
60667;IN002;6;8;8;8
60667;FR002;9;9;6;9
60667;CS002;5;7;5;5
60669;FQ002;6;8;8;8
60669;GH002;7;10;7;7
60669;EF002;10;5;7;7
60669;EP002;9;6;10;9
60669;LL002;10;6;5;6
60669;MA002;4;9;4;4
60669;MU002;7;9;5;7
60669;TE002;7;9;6;7
60669;IN002;7;6;10;7
60669;FR002;4;7;9;7
60669;CS002;5;7;5;5
60671;FQ002;4;6;10;6
60671;GH002;9;10;4;9
60671;EF002;6;6;4;6
60671;EP002;9;6;6;6
60671;LL002;9;6;8;8
60671;MA002;5;5;4;5
60671;MU002;4;5;9;5
60671;TE002;5;5;7;5
60671;IN002;10;5;4;5
60671;FR002;9;4;4;4
60671;CS002;7;6;6;6
70664;FQ002;6;7;5;6
70664;GH002;4;4;9;4
70664;EF002;4;10;10;10
70664;EP002;9;7;6;7
70664;LL002;9;8;8;8
70664;MA002;6;6;7;6
70664;MU002;5;7;4;5
70664;TE002;5;10;5;5
70664;IN002;9;6;4;6
70664;FR002;10;6;5;6
70664;CV002;5;6;7;6
61683;FQ002;6;9;8;8
61683;GH002;5;9;6;6
61683;EF002;10;8;9;9
61683;EP002;6;9;8;8
61683;LL002;7;8;4;7
61683;MA002;5;5;10;5
61683;MU002;8;4;9;8
61683;TE002;4;5;10;5
61683;IN002;8;4;9;8
61683;FR002;7;6;5;6
61683;CV002;8;6;7;7
38149;FQ002;4;5;5;5
38149;GH002;9;7;9;9
38149;EF002;7;5;9;7
38149;EP002;4;8;8;8
38149;LL002;5;9;7;7
38149;MA002;7;9;5;7
38149;MU002;4;9;8;8
38149;TE002;10;4;7;7
38149;IN002;6;10;4;6
38149;FR002;6;6;10;6
38149;CS002;7;6;6;6
7622;FQ002;7;8;9;8
7622;GH002;5;8;10;8
7622;EF002;4;5;5;5
7622;EP002;6;4;7;6
7622;LL002;6;10;10;10
7622;MA002;8;6;8;8
7622;MU002;4;4;7;4
7622;TE002;8;10;8;8
7622;IN002;9;4;6;6
7622;FR002;4;4;8;4
7622;CS002;6;6;7;6
34263;FQ002;6;7;7;7
34263;GH002;9;10;6;9
34263;EF002;10;9;9;9
34263;EP002;6;5;9;6
34263;LL002;7;7;8;7
34263;MA002;4;5;7;5
34263;MU002;5;9;9;9
34263;TE002;9;10;5;9
34263;IN002;4;10;7;7
34263;FR002;7;6;6;6
34263;CS002;5;8;10;8
72766;FQ002;7;8;4;7
72766;GH002;6;5;8;6
72766;EF002;7;5;6;6
72766;EP002;7;6;4;6
72766;LL002;9;8;7;8
72766;MA002;7;7;5;7
72766;MU002;8;7;4;7
72766;TE002;4;5;8;5
72766;IN002;7;5;4;5
72766;FR002;6;4;4;4
72766;CS002;10;4;9;9
89565;FQ002;6;5;5;5
89565;GH002;4;10;5;5
89565;EF002;5;7;5;5
89565;EP002;4;4;4;4
89565;LL002;4;5;7;5
89565;MA002;6;7;10;7
89565;MU002;5;7;4;5
89565;TE002;6;4;6;6
89565;IN002;5;7;9;7
89565;FR002;10;4;8;8
89565;CS002;5;8;5;5
44698;FQ002;4;9;5;5
44698;GH002;10;9;5;9
44698;EF002;4;5;8;5
44698;EP002;5;8;9;8
44698;LL002;8;9;5;8
44698;MA002;10;10;9;10
44698;MU002;7;8;9;8
44698;TE002;9;4;10;9
44698;IN002;9;6;10;9
44698;FR002;7;4;10;7
44698;CS002;8;6;10;8
62345;FQ002;7;8;8;8
62345;GH002;7;5;8;7
62345;EF002;7;10;6;7
62345;EP002;4;5;5;5
62345;LL002;9;7;4;7
62345;MA002;9;5;5;5
62345;MU002;4;9;9;9
62345;TE002;10;5;10;10
62345;IN002;10;6;8;8
62345;FR002;7;10;7;7
62345;CS002;5;4;8;5
62345;FQ002;5;6;4;5
62345;GH002;5;10;6;6
62345;EF002;9;8;8;8
62345;EP002;5;10;8;8
62345;LL002;10;7;9;9
62345;MA002;6;9;8;8
62345;MU002;9;7;8;8
62345;TE002;4;9;4;4
62345;IN002;7;5;4;5
62345;FR002;10;9;5;9
62345;CS002;4;10;8;8
28168;FQ002;5;7;8;7
28168;GH002;6;8;7;7
28168;EF002;4;6;8;6
28168;EP002;5;9;5;5
28168;LL002;6;4;10;6
28168;MA002;5;7;8;7
28168;MU002;9;4;5;5
28168;TE002;7;7;6;7
28168;IN002;4;7;10;7
28168;FR002;9;4;4;4
28168;CS002;4;7;6;6
70652;FQ002;7;10;8;8
70652;GH002;6;6;7;6
70652;EF002;10;10;7;10
70652;EP002;10;4;6;6
70652;LL002;7;6;4;6
70652;MA002;6;4;9;6
70652;MU002;6;10;6;6
70652;TE002;8;10;5;8
70652;IN002;4;5;10;5
70652;FR002;8;10;6;8
70652;CS002;6;8;8;8
11036;FQ002;9;5;5;5
11036;GH002;6;7;10;7
11036;EF002;6;5;7;6
11036;EP002;9;7;9;9
11036;LL002;5;5;10;5
11036;MA002;5;9;9;9
11036;MU002;10;8;6;8
11036;TE002;5;4;9;5
11036;IN002;4;4;4;4
11036;FR002;10;9;6;9
11036;CS002;9;7;5;7
70656;FQ002;6;10;8;8
70656;GH002;4;10;7;7
70656;EF002;10;6;5;6
70656;EP002;10;7;4;7
70656;LL002;4;7;7;7
70656;MA002;7;8;8;8
70656;MU002;9;9;4;9
70656;TE002;7;5;9;7
70656;IN002;5;6;7;6
70656;FR002;9;5;8;8
70656;CS002;10;9;4;9
30496;FQ002;7;8;6;7
30496;GH002;8;8;6;8
30496;EF002;8;6;9;8
30496;EP002;10;4;4;4
30496;LL002;9;5;9;9
30496;MA002;9;9;4;9
30496;MU002;4;8;9;8
30496;TE002;4;10;6;6
30496;IN002;5;4;6;5
30496;FR002;6;5;6;6
30496;CS002;7;9;7;7
30932;FQ002;7;7;4;7
30932;GH002;4;9;7;7
30932;EF002;7;5;8;7
30932;EP002;7;4;6;6
30932;LL002;6;10;9;9
30932;MA002;4;7;7;7
30932;MU002;5;10;8;8
30932;TE002;5;6;10;6
30932;IN002;8;7;7;7
30932;FR002;10;6;4;6
30932;CS002;9;5;10;9
70660;FQ002;4;10;8;8
70660;GH002;6;7;5;6
70660;EF002;7;8;8;8
70660;EP002;9;4;4;4
70660;LL002;9;10;8;9
70660;MA002;6;6;5;6
70660;MU002;6;7;4;6
70660;TE002;7;5;4;5
70660;IN002;8;10;6;8
70660;FR002;8;6;9;8
70660;CS002;10;6;7;7
46281;FQ002;4;8;6;6
46281;GH002;8;10;9;9
46281;EF002;9;4;10;9
46281;EP002;6;8;7;7
46281;LL002;10;8;10;10
46281;MA002;10;7;7;7
46281;MU002;9;6;10;9
46281;TE002;4;5;4;4
46281;IN002;6;8;8;8
46281;FR002;4;10;10;10
46281;CS002;10;5;5;5
19243;FQ002;8;5;4;5
19243;GH002;10;10;5;10
19243;EF002;7;4;4;4
19243;EP002;4;9;8;8
19243;LL002;8;6;10;8
19243;MA002;6;7;10;7
19243;MU002;8;9;4;8
19243;TE002;9;7;6;7
19243;IN002;8;9;8;8
19243;FR002;7;5;8;7
19243;CS002;10;5;10;10
26879;FQ002;7;4;8;7
26879;GH002;6;7;9;7
26879;EF002;5;8;5;5
26879;EP002;4;8;9;8
26879;LL002;7;5;6;6
26879;MA002;8;8;5;8
26879;MU002;9;4;9;9
26879;TE002;4;6;10;6
26879;IN002;4;4;4;4
26879;FR002;10;7;8;8
26879;CV002;9;5;9;9
80640;FQ002;9;4;6;6
80640;GH002;6;5;9;6
80640;EF002;9;6;6;6
80640;EP002;7;6;6;6
80640;LL002;4;4;10;4
80640;MA002;4;9;7;7
80640;MU002;6;8;4;6
80640;TE002;5;7;6;6
80640;IN002;7;10;9;9
80640;FR002;6;8;5;6
80640;CV002;6;9;9;9
34241;FQ002;10;10;10;10
34241;GH002;7;9;10;9
34241;EF002;4;6;8;6
34241;EP002;8;7;5;7
34241;LL002;7;5;8;7
34241;MA002;4;9;9;9
34241;MU002;5;9;10;9
34241;TE002;9;6;8;8
34241;IN002;4;10;5;5
34241;FR002;6;10;10;10
34241;CS002;4;4;10;4
78520;FQ002;6;10;8;8
78520;GH002;7;5;8;7
78520;EF002;8;10;5;8
78520;EP002;9;7;5;7
78520;LL002;6;8;5;6
78520;MA002;6;5;6;6
78520;MU002;4;9;10;9
78520;TE002;4;9;6;6
78520;IN002;10;4;4;4
78520;FR002;8;10;9;9
78520;CS002;9;4;7;7
72651;FQ002;5;6;8;6
72651;GH002;5;4;4;4
72651;EF002;10;4;4;4
72651;EP002;8;5;7;7
72651;LL002;6;7;7;7
72651;MA002;4;8;9;8
72651;MU002;9;7;10;9
72651;TE002;10;8;8;8
72651;IN002;8;8;4;8
72651;FR002;8;6;10;8
72651;CS002;8;7;10;8
38746;FQ002;5;8;10;8
38746;GH002;10;4;5;5
38746;EF002;4;9;6;6
38746;EP002;9;4;4;4
38746;LL002;5;8;7;7
38746;MA002;9;5;6;6
38746;MU002;7;8;9;8
38746;TE002;9;10;4;9
38746;IN002;5;8;7;7
38746;FR002;5;5;10;5
38746;CS002;4;10;7;7
91735;FQ002;5;10;6;6
91735;GH002;7;9;10;9
91735;EF002;10;8;8;8
91735;EP002;7;6;8;7
91735;LL002;4;10;9;9
91735;MA002;10;8;10;10
91735;MU002;8;10;9;9
91735;TE002;5;5;8;5
91735;IN002;7;8;9;8
91735;FR002;5;4;10;5
91735;CS002;10;7;8;8
60665;FQ002;5;8;5;5
60665;GH002;6;7;5;6
60665;EF002;4;7;10;7
60665;EP002;8;10;5;8
60665;LL002;8;10;5;8
60665;MA002;7;4;4;4
60665;MU002;7;5;6;6
60665;TE002;6;6;9;6
60665;IN002;9;9;4;9
60665;FR002;5;10;9;9
60665;CS002;4;8;8;8
60667;FQ002;6;10;4;6
60667;GH002;9;4;6;6
60667;EF002;8;9;7;8
60667;EP002;4;9;9;9
60667;LL002;7;5;4;5
60667;MA002;4;8;9;8
60667;MU002;6;5;9;6
60667;TE002;7;8;8;8
60667;IN002;9;9;10;9
60667;FR002;4;8;10;8
60667;CS002;10;5;8;8
60669;FQ002;9;6;7;7
60669;GH002;4;10;8;8
60669;EF002;5;10;8;8
60669;EP002;8;9;4;8
60669;LL002;7;4;4;4
60669;MA002;7;8;5;7
60669;MU002;5;7;8;7
60669;TE002;9;7;5;7
60669;IN002;10;8;8;8
60669;FR002;7;10;5;7
60669;CS002;10;8;9;9
60671;FQ002;8;5;9;8
60671;GH002;8;6;10;8
60671;EF002;7;8;6;7
60671;EP002;4;9;4;4
60671;LL002;5;10;8;8
60671;MA002;7;4;7;7
60671;MU002;9;8;4;8
60671;TE002;7;7;8;7
60671;IN002;6;10;7;7
60671;FR002;10;7;7;7
60671;CS002;6;5;5;5
70664;FQ002;4;5;9;5
70664;GH002;9;10;5;9
70664;EF002;6;4;9;6
70664;EP002;7;10;6;7
70664;LL002;10;8;7;8
70664;MA002;5;7;8;7
70664;MU002;8;6;5;6
70664;TE002;9;7;5;7
70664;IN002;9;8;9;9
70664;FR002;6;5;9;6
70664;CS002;4;7;10;7
61683;FQ002;9;7;6;7
61683;GH002;7;4;6;6
61683;EF002;9;4;5;5
61683;EP002;10;7;9;9
61683;LL002;7;6;8;7
61683;MA002;10;5;7;7
61683;MU002;8;6;6;6
61683;TE002;10;9;7;9
61683;IN002;10;5;5;5
61683;FR002;7;6;4;6
61683;CV002;9;10;10;10
38149;FQ002;8;4;9;8
38149;GH002;6;7;6;6
38149;EF002;4;5;9;5
38149;EP002;9;8;5;8
38149;LL002;7;8;6;7
38149;MA002;4;5;7;5
38149;MU002;4;6;7;6
38149;TE002;8;7;5;7
38149;IN002;7;7;7;7
38149;FR002;10;4;4;4
38149;CV002;8;6;7;7
7622;FQ002;4;7;5;5
7622;GH002;7;9;4;7
7622;EF002;10;5;4;5
7622;EP002;6;4;8;6
7622;LL002;10;7;5;7
7622;MA002;6;6;6;6
7622;MU002;4;6;9;6
7622;TE002;4;4;6;4
7622;IN002;9;4;7;7
7622;FR002;5;4;4;4
7622;CS002;6;5;5;5
34263;FQ002;8;7;6;7
34263;GH002;9;5;4;5
34263;EF002;4;6;8;6
34263;EP002;8;10;9;9
34263;LL002;8;8;5;8
34263;MA002;6;7;7;7
34263;MU002;6;6;10;6
34263;TE002;10;10;8;10
34263;IN002;7;4;9;7
34263;FR002;4;9;7;7
34263;CS002;6;7;5;6
72766;FQ002;4;5;7;5
72766;GH002;5;7;9;7
72766;EF002;8;10;8;8
72766;EP002;4;5;8;5
72766;LL002;6;10;9;9
72766;MA002;9;4;8;8
72766;MU002;7;10;5;7
72766;TE002;4;5;8;5
72766;IN002;10;4;9;9
72766;FR002;6;5;7;6
72766;CS002;7;7;7;7
89565;FQ002;7;10;7;7
89565;GH002;7;4;7;7
89565;EF002;5;10;8;8
89565;EP002;6;9;9;9
89565;LL002;9;5;5;5
89565;MA002;9;9;5;9
89565;MU002;8;7;4;7
89565;TE002;7;6;10;7
89565;IN002;8;8;6;8
89565;FR002;6;7;7;7
89565;CS002;9;7;9;9
44698;FQ002;8;8;9;8
44698;GH002;7;8;5;7
44698;EF002;6;7;9;7
44698;EP002;9;9;6;9
44698;LL002;10;10;9;10
44698;MA002;9;9;9;9
44698;MU002;8;4;7;7
44698;TE002;9;6;7;7
44698;IN002;10;10;8;10
44698;FR002;4;7;6;6
44698;CS002;4;5;6;5
50925;BG003;8;5;5;5
50925;FQ003;7;5;8;7
50925;GH003;7;4;8;7
50925;EF003;9;10;7;9
50925;LL003;9;4;6;6
50925;IN003;9;7;5;7
50925;EC003;4;8;5;5
50925;TE003;4;9;4;4
50925;FR003;5;6;7;6
50925;OD003;4;5;6;5
60673;BG003;9;5;7;7
60673;FQ003;7;8;4;7
60673;GH003;8;6;5;6
60673;EF003;8;6;7;7
60673;LL003;5;9;5;5
60673;IN003;8;10;8;8
60673;EC003;6;5;4;5
60673;TE003;7;4;8;7
60673;FR003;7;9;5;7
60673;OD003;9;10;4;9
70668;BG003;4;8;4;4
70668;FQ003;10;5;9;9
70668;GH003;4;10;10;10
70668;EF003;10;10;9;10
70668;LL003;5;9;4;5
70668;IN003;8;4;6;6
70668;EC003;10;9;10;10
70668;TE003;5;8;8;8
70668;FR003;9;8;4;8
70668;OD003;4;4;4;4
70672;BG003;7;8;5;7
70672;FQ003;10;7;4;7
70672;GH003;4;5;5;5
70672;EF003;5;8;5;5
70672;LL003;6;7;5;6
70672;IN003;7;9;10;9
70672;EC003;5;8;5;5
70672;TE003;8;4;7;7
70672;FR003;8;4;8;8
70672;OD003;10;10;4;10
84695;BG003;6;9;7;7
84695;FQ003;9;6;7;7
84695;GH003;8;7;9;8
84695;EF003;10;9;9;9
84695;LL003;7;6;10;7
84695;IN003;7;6;6;6
84695;EC003;5;10;4;5
84695;TE003;5;4;9;5
84695;FR003;8;9;5;8
84695;OD003;10;8;7;8
70676;BG003;7;9;7;7
70676;FQ003;7;10;4;7
70676;GH003;7;10;5;7
70676;EF003;7;10;4;7
70676;LL003;5;6;8;6
70676;IN003;8;7;10;8
70676;EC003;6;8;7;7
70676;TE003;8;4;5;5
70676;FR003;8;10;10;10
70676;OD003;10;10;5;10
70680;BG003;10;5;5;5
70680;FQ003;6;8;4;6
70680;GH003;4;4;5;4
70680;EF003;10;5;7;7
70680;LL003;7;9;9;9
70680;IN003;6;5;6;6
70680;EC003;10;6;9;9
70680;TE003;7;6;7;7
70680;FR003;7;5;4;5
70680;OD003;10;4;8;8
39523;BG003;6;4;10;6
39523;FQ003;6;6;10;6
39523;GH003;10;6;8;8
39523;EF003;5;7;10;7
39523;LL003;9;5;8;8
39523;IN003;9;8;7;8
39523;EC003;6;6;9;6
39523;TE003;6;5;9;6
39523;FR003;4;4;7;4
39523;OD003;5;9;10;9
11010;BG003;4;6;10;6
11010;FQ003;7;8;6;7
11010;GH003;4;6;6;6
11010;EF003;6;9;6;6
11010;LL003;10;5;4;5
11010;IN003;10;7;7;7
11010;EC003;8;4;4;4
11010;TE003;4;4;8;4
11010;FR003;8;5;5;5
11010;OD003;6;9;5;6
78493;BG003;7;5;6;6
78493;FQ003;5;9;10;9
78493;GH003;10;8;7;8
78493;EF003;4;7;10;7
78493;LL003;6;10;4;6
78493;IN003;8;10;7;8
78493;EC003;6;10;4;6
78493;TE003;9;4;9;9
78493;FR003;7;5;9;7
78493;CC003;6;7;9;7
55834;BG003;10;8;4;8
55834;FQ003;7;4;5;5
55834;GH003;6;8;8;8
55834;EF003;9;10;7;9
55834;LL003;8;7;8;8
55834;IN003;10;9;5;9
55834;EC003;10;9;8;9
55834;TE003;8;8;5;8
55834;FR003;6;9;4;6
55834;CC003;5;4;6;5
20349;BG003;9;8;4;8
20349;FQ003;4;8;4;4
20349;GH003;7;7;9;7
20349;EF003;6;9;4;6
20349;LL003;10;9;6;9
20349;IN003;10;6;8;8
20349;EC003;6;10;9;9
20349;TE003;9;7;7;7
20349;FR003;6;8;5;6
20349;CC003;5;8;6;6
60675;BG003;4;8;8;8
60675;FQ003;5;10;8;8
60675;GH003;9;9;7;9
60675;EF003;4;8;8;8
60675;LL003;8;4;10;8
60675;IN003;5;6;4;5
60675;EC003;5;5;7;5
60675;TE003;7;9;6;7
60675;FR003;7;7;5;7
60675;CC003;9;9;6;9
70684;BG003;9;4;8;8
70684;FQ003;7;8;9;8
70684;GH003;8;6;4;6
70684;EF003;4;7;4;4
70684;LL003;9;6;10;9
70684;IN003;7;5;7;7
70684;EC003;8;8;9;8
70684;TE003;10;10;4;10
70684;FR003;10;6;6;6
70684;CC003;4;8;7;7
16628;BG003;5;7;10;7
16628;FQ003;9;10;9;9
16628;GH003;7;4;10;7
16628;EF003;7;7;10;7
16628;LL003;8;10;7;8
16628;IN003;9;7;10;9
16628;EC003;10;7;4;7
16628;TE003;4;6;7;6
16628;FR003;4;4;4;4
16628;CC003;9;7;4;7
60677;BG003;5;8;4;5
60677;FQ003;4;5;7;5
60677;GH003;7;8;9;8
60677;EF003;4;5;4;4
60677;LL003;6;8;7;7
60677;IN003;5;9;7;7
60677;EC003;10;7;10;10
60677;TE003;7;10;8;8
60677;FR003;7;6;6;6
60677;CC003;4;10;6;6
92494;BG003;4;4;10;4
92494;FQ003;8;7;7;7
92494;GH003;7;8;7;7
92494;EF003;5;10;8;8
92494;LL003;5;8;7;7
92494;IN003;6;7;7;7
92494;EC003;8;8;5;8
92494;TE003;10;10;10;10
92494;FR003;7;5;8;7
92494;CC003;8;8;9;8
13702;BG003;8;6;5;6
13702;FQ003;10;7;7;7
13702;GH003;9;10;6;9
13702;EF003;7;4;5;5
13702;LL003;7;9;5;7
13702;IN003;10;7;9;9
13702;EC003;5;4;10;5
13702;TE003;5;4;7;5
13702;FR003;5;10;9;9
13702;CC003;4;6;8;6
68320;BG003;6;5;9;6
68320;FQ003;8;8;8;8
68320;GH003;6;6;6;6
68320;EF003;6;9;7;7
68320;LL003;9;8;8;8
68320;IN003;5;9;4;5
68320;EC003;7;4;5;5
68320;TE003;5;8;7;7
68320;FR003;7;9;10;9
68320;CC003;8;10;10;10
6402;BG003;6;7;5;6
6402;FQ003;6;10;8;8
6402;GH003;5;9;9;9
6402;EF003;6;9;5;6
6402;LL003;10;6;10;10
6402;IN003;7;4;8;7
6402;EC003;10;4;10;10
6402;TE003;6;4;4;4
6402;FR003;6;10;10;10
6402;CC003;8;4;10;8
11037;BG003;9;9;9;9
11037;FQ003;5;10;5;5
11037;GH003;8;6;7;7
11037;EF003;8;8;7;8
11037;LL003;9;7;10;9
11037;IN003;5;8;10;8
11037;EC003;7;6;4;6
11037;TE003;4;5;7;5
11037;FR003;10;6;8;8
11037;CC003;9;9;9;9
60679;BG003;10;10;7;10
60679;FQ003;6;7;4;6
60679;GH003;8;9;4;8
60679;EF003;8;10;10;10
60679;LL003;10;4;9;9
60679;IN003;4;4;10;4
60679;EC003;10;5;10;10
60679;TE003;5;4;8;5
60679;FR003;4;4;8;4
60679;CC003;8;6;9;8
6475;BG003;10;4;4;4
6475;FQ003;6;6;5;6
6475;GH003;6;5;4;5
6475;EF003;6;7;6;6
6475;LL003;7;9;10;9
6475;IN003;5;6;5;5
6475;EC003;10;8;4;8
6475;TE003;4;10;9;9
6475;FR003;5;8;5;5
6475;CC003;5;5;5;5
48681;BG003;7;5;8;7
48681;FQ003;10;8;5;8
48681;GH003;5;7;10;7
48681;EF003;10;4;8;8
48681;LL003;6;6;5;6
48681;IN003;5;7;9;7
48681;EC003;4;7;10;7
48681;TE003;4;8;7;7
48681;FR003;6;10;8;8
48681;CC003;7;9;8;8
67134;BG003;6;4;8;6
67134;FQ003;9;8;6;8
67134;GH003;8;7;7;7
67134;EF003;4;9;9;9
67134;LL003;7;9;6;7
67134;IN003;9;6;4;6
67134;EC003;6;9;4;6
67134;TE003;7;7;7;7
67134;FR003;10;9;9;9
67134;CC003;7;10;8;8
67145;BG003;8;9;10;9
67145;FQ003;8;4;4;4
67145;GH003;10;4;4;4
67145;EF003;7;5;6;6
67145;LL003;8;6;7;7
67145;IN003;5;7;7;7
67145;EC003;4;7;4;4
67145;TE003;10;5;4;5
67145;FR003;8;5;9;8
67145;OD003;6;4;7;6
19869;BG003;6;5;4;5
19869;FQ003;9;8;6;8
19869;GH003;9;10;6;9
19869;EF003;10;7;8;8
19869;LL003;4;7;6;6
19869;IN003;8;10;10;10
19869;EC003;4;10;7;7
19869;TE003;7;9;6;7
19869;FR003;7;6;4;6
19869;OD003;5;4;6;5
41106;BG003;4;5;6;5
41106;FQ003;9;10;4;9
41106;GH003;8;6;6;6
41106;EF003;6;8;7;7
41106;LL003;6;4;5;5
41106;IN003;10;5;4;5
41106;EC003;10;9;7;9
41106;TE003;9;7;9;9
41106;FR003;7;9;8;8
41106;OD003;5;6;4;5
56024;BG003;7;6;9;7
56024;FQ003;7;5;10;7
56024;GH003;7;4;8;7
56024;EF003;7;5;5;5
56024;LL003;4;10;8;8
56024;IN003;10;8;9;9
56024;EC003;9;5;10;9
56024;TE003;4;4;4;4
56024;FR003;8;6;10;8
56024;OD003;4;6;5;5
51825;BG003;5;7;6;6
51825;FQ003;9;6;4;6
51825;GH003;6;6;8;6
51825;EF003;9;8;10;9
51825;LL003;10;10;10;10
51825;IN003;8;5;5;5
51825;EC003;6;8;9;8
51825;TE003;9;7;7;7
51825;FR003;6;5;6;6
51825;OD003;10;10;5;10
11038;BG003;6;10;7;7
11038;FQ003;10;7;4;7
11038;GH003;9;6;7;7
11038;EF003;5;10;9;9
11038;LL003;5;10;5;5
11038;IN003;4;10;9;9
11038;EC003;6;9;8;8
11038;TE003;9;9;8;9
11038;FR003;10;7;7;7
11038;OD003;7;6;6;6
74411;BG003;8;5;7;7
74411;FQ003;10;8;10;10
74411;GH003;7;6;5;6
74411;EF003;9;6;4;6
74411;LL003;7;6;6;6
74411;IN003;9;10;10;10
74411;EC003;10;10;9;10
74411;TE003;9;6;5;6
74411;FR003;8;8;8;8
74411;OD003;5;4;6;5
37929;BG003;4;7;6;6
37929;FQ003;9;8;6;8
37929;GH003;10;9;7;9
37929;EF003;6;6;5;6
37929;LL003;9;4;10;9
37929;IN003;5;10;10;10
37929;EC003;5;7;10;7
37929;TE003;5;8;5;5
37929;FR003;8;9;10;9
37929;OD003;9;9;4;9
28337;BG003;6;4;4;4
28337;FQ003;8;6;5;6
28337;GH003;4;6;5;5
28337;EF003;5;6;9;6
28337;LL003;5;9;6;6
28337;IN003;6;10;7;7
28337;EC003;5;6;6;6
28337;TE003;5;8;8;8
28337;FR003;4;10;4;4
28337;OD003;9;4;5;5
7055;BG003;6;5;10;6
7055;FQ003;4;7;7;7
7055;GH003;6;4;6;6
7055;EF003;5;4;9;5
7055;LL003;9;6;9;9
7055;IN003;8;5;10;8
7055;EC003;9;10;5;9
7055;TE003;10;6;7;7
7055;FR003;6;4;9;6
7055;OD003;10;7;5;7
20148;BG003;6;7;5;6
20148;FQ003;7;10;7;7
20148;GH003;10;5;10;10
20148;EF003;10;5;6;6
20148;LL003;8;10;4;8
20148;IN003;9;9;6;9
20148;EC003;6;6;8;6
20148;TE003;10;10;9;10
20148;FR003;5;10;9;9
20148;OD003;6;8;6;6
41000;BG003;10;7;7;7
41000;FQ003;8;9;8;8
41000;GH003;5;8;10;8
41000;EF003;6;10;10;10
41000;LL003;4;6;9;6
41000;IN003;7;10;9;9
41000;EC003;4;4;10;4
41000;TE003;8;7;9;8
41000;FR003;7;8;8;8
41000;OD003;7;7;8;7
70688;BG003;7;9;5;7
70688;FQ003;7;6;5;6
70688;GH003;10;9;9;9
70688;EF003;9;4;6;6
70688;LL003;4;5;5;5
70688;IN003;8;4;8;8
70688;EC003;4;10;8;8
70688;TE003;5;8;9;8
70688;FR003;9;4;7;7
70688;OD003;9;5;9;9
42540;BG003;4;4;9;4
42540;FQ003;4;9;5;5
42540;GH003;10;9;10;10
42540;EF003;6;7;6;6
42540;LL003;9;4;5;5
42540;IN003;9;8;5;8
42540;EC003;7;7;4;7
42540;TE003;7;5;7;7
42540;FR003;10;8;8;8
42540;OD003;9;8;6;8
2196;BG003;4;4;4;4
2196;FQ003;8;10;5;8
2196;GH003;8;6;4;6
2196;EF003;4;5;4;4
2196;LL003;4;5;6;5
2196;IN003;5;5;10;5
2196;EC003;10;4;7;7
2196;TE003;7;6;7;7
2196;FR003;4;7;4;4
2196;OD003;7;5;6;6
4090;BG003;5;10;9;9
4090;FQ003;4;6;9;6
4090;GH003;7;9;5;7
4090;EF003;5;10;9;9
4090;LL003;8;7;7;7
4090;IN003;8;5;8;8
4090;EC003;10;10;4;10
4090;TE003;10;4;9;9
4090;FR003;5;5;10;5
4090;OD003;7;10;9;9
37879;BG003;7;4;4;4
37879;FQ003;7;8;8;8
37879;GH003;8;5;8;8
37879;EF003;6;4;10;6
37879;LL003;8;6;7;7
37879;IN003;4;7;6;6
37879;EC003;4;8;9;8
37879;TE003;9;9;10;9
37879;FR003;8;4;9;8
37879;OD003;5;6;10;6
30838;BG003;6;7;8;7
30838;FQ003;8;6;4;6
30838;GH003;7;7;6;7
30838;EF003;4;7;7;7
30838;LL003;9;5;9;9
30838;IN003;5;7;5;5
30838;EC003;6;7;7;7
30838;TE003;10;9;6;9
30838;FR003;8;10;10;10
30838;OD003;10;8;4;8
46556;BG003;6;5;4;5
46556;FQ003;8;8;7;8
46556;GH003;6;10;8;8
46556;EF003;10;4;9;9
46556;LL003;9;8;9;9
46556;IN003;5;6;6;6
46556;EC003;10;6;10;10
46556;TE003;7;8;6;7
46556;FR003;5;10;4;5
46556;OD003;5;6;10;6
70692;BG003;4;7;6;6
70692;FQ003;9;6;10;9
70692;GH003;6;6;9;6
70692;EF003;5;6;4;5
70692;LL003;5;6;9;6
70692;IN003;9;9;7;9
70692;EC003;5;10;9;9
70692;TE003;7;6;5;6
70692;FR003;4;10;9;9
70692;OD003;10;9;4;9
67163;BG003;5;9;8;8
67163;FQ003;7;5;5;5
67163;GH003;5;6;8;6
67163;EF003;7;5;5;5
67163;LL003;8;10;5;8
67163;IN003;9;10;4;9
67163;EC003;10;10;8;10
67163;TE003;8;10;4;8
67163;FR003;8;4;5;5
67163;OD003;9;5;9;9
88115;BG003;4;8;8;8
88115;FQ003;9;4;4;4
88115;GH003;7;9;9;9
88115;EF003;9;6;10;9
88115;LL003;9;5;7;7
88115;IN003;6;4;8;6
88115;EC003;9;9;8;9
88115;TE003;8;7;9;8
88115;FR003;7;6;6;6
88115;OD003;5;7;9;7
41159;BG003;4;6;6;6
41159;FQ003;6;4;9;6
41159;GH003;7;5;8;7
41159;EF003;4;5;9;5
41159;LL003;7;9;7;7
41159;IN003;8;5;10;8
41159;EC003;10;5;5;5
41159;TE003;10;10;4;10
41159;FR003;9;10;5;9
41159;OD003;7;6;10;7
30725;BG003;10;5;10;10
30725;FQ003;8;6;6;6
30725;GH003;9;9;8;9
30725;EF003;8;4;7;7
30725;LL003;8;7;6;7
30725;IN003;6;7;5;6
30725;EC003;4;10;10;10
30725;TE003;9;10;10;10
30725;FR003;5;8;6;6
30725;OD003;7;6;10;7
90410;BG003;4;8;7;7
90410;FQ003;8;8;10;8
90410;GH003;8;5;9;8
90410;EF003;7;8;6;7
90410;LL003;6;10;5;6
90410;IN003;8;7;7;7
90410;EC003;5;8;10;8
90410;TE003;6;7;6;6
90410;FR003;9;4;8;8
90410;OD003;4;4;5;4
3152;BG003;7;9;7;7
3152;FQ003;7;4;5;5
3152;GH003;6;9;7;7
3152;EF003;6;6;6;6
3152;LL003;5;9;4;5
3152;IN003;6;8;6;6
3152;EC003;10;4;6;6
3152;TE003;7;5;8;7
3152;FR003;9;4;9;9
3152;OD003;8;8;5;8
47441;BG003;9;5;8;8
47441;FQ003;6;6;7;6
47441;GH003;5;5;9;5
47441;EF003;6;5;10;6
47441;LL003;9;5;8;8
47441;IN003;9;8;5;8
47441;EC003;6;5;8;6
47441;TE003;6;4;9;6
47441;FR003;4;10;8;8
47441;OD003;5;10;10;10
67623;BG003;5;10;4;5
67623;FQ003;10;4;6;6
67623;GH003;10;10;4;10
67623;EF003;5;10;5;5
67623;LL003;8;10;8;8
67623;IN003;7;5;10;7
67623;EC003;10;5;5;5
67623;TE003;10;10;10;10
67623;FR003;7;7;4;7
67623;OD003;8;6;10;8
26619;BG003;7;9;10;9
26619;FQ003;8;10;8;8
26619;GH003;6;8;9;8
26619;EF003;5;6;7;6
26619;LL003;8;7;7;7
26619;IN003;6;8;4;6
26619;EC003;6;9;7;7
26619;TE003;10;10;10;10
26619;FR003;7;9;6;7
26619;OD003;5;7;6;6
78764;BG003;5;4;8;5
78764;FQ003;9;7;5;7
78764;GH003;9;7;9;9
78764;EF003;7;8;4;7
78764;LL003;7;8;8;8
78764;IN003;9;4;6;6
78764;EC003;7;4;9;7
78764;TE003;9;5;4;5
78764;FR003;10;5;10;10
78764;OD003;5;7;5;5
20987;BG003;5;4;8;5
20987;FQ003;8;7;8;8
20987;GH003;5;7;8;7
20987;EF003;5;10;5;5
20987;LL003;8;4;5;5
20987;IN003;7;10;9;9
20987;EC003;5;9;10;9
20987;TE003;10;10;6;10
20987;FR003;7;8;7;7
20987;OD003;5;9;8;8
60681;BG003;7;4;4;4
60681;FQ003;6;9;6;6
60681;GH003;10;5;7;7
60681;EF003;4;4;8;4
60681;LL003;7;7;7;7
60681;IN003;6;5;6;6
60681;EC003;9;6;6;6
60681;TE003;4;8;4;4
60681;FR003;9;4;4;4
60681;OD003;5;8;4;5
60683;BG003;5;9;9;9
60683;FQ003;5;10;6;6
60683;GH003;9;4;10;9
60683;EF003;4;4;8;4
60683;LL003;7;7;10;7
60683;IN003;5;5;5;5
60683;EC003;5;5;7;5
60683;TE003;9;6;6;6
60683;FR003;8;9;9;9
60683;OD003;10;8;6;8
70696;BG003;10;8;8;8
70696;FQ003;8;6;7;7
70696;GH003;4;5;8;5
70696;EF003;4;6;6;6
70696;LL003;6;6;7;6
70696;IN003;5;6;10;6
70696;EC003;4;9;10;9
70696;TE003;8;7;4;7
70696;FR003;10;6;7;7
70696;OD003;7;4;10;7
70700;BG003;10;4;8;8
70700;FQ003;10;4;5;5
70700;GH003;8;9;8;8
70700;EF003;7;7;6;7
70700;LL003;6;8;4;6
70700;IN003;7;9;9;9
70700;EC003;4;9;6;6
70700;TE003;6;4;6;6
70700;FR003;9;10;7;9
70700;OD003;6;7;7;7
70704;BG003;10;9;10;10
70704;FQ003;9;10;8;9
70704;GH003;6;5;4;5
70704;EF003;7;10;10;10
70704;LL003;5;8;10;8
70704;IN003;6;8;6;6
70704;EC003;6;5;6;6
70704;TE003;10;10;5;10
70704;FR003;8;10;6;8
70704;OD003;10;8;8;8
30873;BG003;7;5;9;7
30873;FQ003;8;5;5;5
30873;GH003;4;9;5;5
30873;EF003;10;4;6;6
30873;LL003;5;5;5;5
30873;IN003;10;7;9;9
30873;EC003;8;9;5;8
30873;TE003;10;5;6;6
30873;FR003;8;9;10;9
30873;OD003;7;7;9;7
70708;BG003;9;5;9;9
70708;FQ003;10;5;6;6
70708;GH003;8;10;8;8
70708;EF003;10;5;5;5
70708;LL003;8;9;9;9
70708;IN003;8;10;4;8
70708;EC003;10;4;7;7
70708;TE003;6;4;10;6
70708;FR003;10;5;9;9
70708;OD003;7;4;6;6
74138;BG003;10;10;9;10
74138;FQ003;5;9;10;9
74138;GH003;7;10;6;7
74138;EF003;9;5;6;6
74138;LL003;7;8;9;8
74138;IN003;6;10;7;7
74138;EC003;10;7;4;7
74138;TE003;10;7;7;7
74138;FR003;8;7;4;7
74138;OD003;7;8;5;7
25129;BG003;6;8;7;7
25129;FQ003;8;5;6;6
25129;GH003;10;5;5;5
25129;EF003;6;5;4;5
25129;LL003;5;6;6;6
25129;IN003;4;10;4;4
25129;EC003;5;4;4;4
25129;TE003;4;9;9;9
25129;FR003;7;5;6;6
25129;OD003;10;4;4;4
85279;BG003;4;7;4;4
85279;FQ003;7;4;5;5
85279;GH003;9;4;8;8
85279;EF003;9;6;7;7
85279;LL003;8;6;4;6
85279;IN003;8;7;5;7
85279;EC003;5;9;9;9
85279;TE003;4;10;8;8
85279;FR003;9;8;4;8
85279;OD003;8;6;8;8
64627;BG003;9;10;5;9
64627;FQ003;6;8;8;8
64627;GH003;6;7;4;6
64627;EF003;4;5;4;4
64627;LL003;6;5;6;6
64627;IN003;10;6;4;6
64627;EC003;9;4;7;7
64627;TE003;5;6;10;6
64627;FR003;5;7;9;7
64627;OD003;8;8;4;8
70712;BG003;9;5;10;9
70712;FQ003;6;7;4;6
70712;GH003;9;4;4;4
70712;EF003;8;5;9;8
70712;LL003;7;8;10;8
70712;IN003;6;9;6;6
70712;EC003;5;6;9;6
70712;TE003;5;5;6;5
70712;FR003;4;7;6;6
70712;OD003;5;6;6;6
69413;BG003;7;10;4;7
69413;FQ003;8;9;7;8
69413;GH003;8;4;6;6
69413;EF003;4;9;8;8
69413;LL003;10;9;10;10
69413;IN003;8;4;4;4
69413;EC003;9;7;7;7
69413;TE003;7;5;6;6
69413;FR003;7;10;6;7
69413;OD003;8;5;5;5
70716;BG003;7;4;10;7
70716;FQ003;5;5;4;5
70716;GH003;6;4;9;6
70716;EF003;10;4;7;7
70716;LL003;10;8;6;8
70716;IN003;9;9;6;9
70716;EC003;8;5;4;5
70716;TE003;7;9;5;7
70716;FR003;6;5;10;6
70716;CC003;4;7;9;7
21852;BG003;7;9;8;8
21852;FQ003;9;9;9;9
21852;GH003;4;10;4;4
21852;EF003;10;4;10;10
21852;LL003;8;10;10;10
21852;IN003;4;7;8;7
21852;EC003;7;5;9;7
21852;TE003;9;6;9;9
21852;FR003;5;4;8;5
21852;CC003;10;6;6;6
36588;BG003;6;10;6;6
36588;FQ003;4;6;4;4
36588;GH003;6;9;8;8
36588;EF003;10;9;9;9
36588;LL003;6;9;9;9
36588;IN003;5;9;4;5
36588;EC003;5;4;10;5
36588;TE003;7;9;5;7
36588;FR003;6;4;9;6
36588;CC003;9;8;8;8
70720;BG003;8;10;7;8
70720;FQ003;4;7;8;7
70720;GH003;7;6;6;6
70720;EF003;5;5;5;5
70720;LL003;10;8;9;9
70720;IN003;7;6;5;6
70720;EC003;9;9;6;9
70720;TE003;10;8;8;8
70720;FR003;9;9;5;9
70720;CC003;6;8;5;6
68118;BG003;9;5;9;9
68118;FQ003;8;9;8;8
68118;GH003;7;8;5;7
68118;EF003;9;7;7;7
68118;LL003;10;8;8;8
68118;IN003;9;6;6;6
68118;EC003;7;4;8;7
68118;TE003;7;9;10;9
68118;FR003;6;7;5;6
68118;CC003;4;9;7;7
41036;BG003;10;10;10;10
41036;FQ003;8;10;5;8
41036;GH003;6;9;9;9
41036;EF003;9;4;7;7
41036;LL003;6;9;6;6
41036;IN003;6;9;10;9
41036;EC003;6;8;6;6
41036;TE003;8;7;8;8
41036;FR003;5;8;9;8
41036;CC003;4;10;10;10
70724;BG003;9;10;6;9
70724;FQ003;10;8;5;8
70724;GH003;7;8;5;7
70724;EF003;7;9;8;8
70724;LL003;8;8;9;8
70724;IN003;6;6;6;6
70724;EC003;8;5;5;5
70724;TE003;4;8;10;8
70724;FR003;5;5;9;5
70724;CC003;6;5;8;6
70728;BG003;9;8;9;9
70728;FQ003;4;7;8;7
70728;GH003;9;10;10;10
70728;EF003;4;4;6;4
70728;LL003;10;9;8;9
70728;IN003;6;10;7;7
70728;EC003;10;8;6;8
70728;TE003;4;8;7;7
70728;FR003;4;5;7;5
70728;CC003;5;4;7;5
82836;BG003;8;4;7;7
82836;FQ003;10;7;10;10
82836;GH003;4;4;4;4
82836;EF003;5;7;10;7
82836;LL003;5;6;8;6
82836;IN003;6;10;8;8
82836;EC003;5;7;4;5
82836;TE003;8;8;6;8
82836;FR003;9;10;9;9
82836;CC003;5;7;5;5
92537;BG003;8;6;5;6
92537;FQ003;6;10;9;9
92537;GH003;6;9;9;9
92537;EF003;9;8;6;8
92537;LL003;8;5;5;5
92537;IN003;7;8;8;8
92537;EC003;7;8;9;8
92537;TE003;5;4;8;5
92537;FR003;7;10;9;9
92537;OD003;7;6;7;7
11388;BG003;8;7;10;8
11388;FQ003;4;5;7;5
11388;GH003;9;9;8;9
11388;EF003;5;5;9;5
11388;LL003;7;7;7;7
11388;IN003;5;7;7;7
11388;EC003;7;10;7;7
11388;TE003;6;5;4;5
11388;FR003;4;6;5;5
11388;OD003;9;5;10;9
33063;BG003;4;9;10;9
33063;FQ003;6;7;8;7
33063;GH003;8;8;8;8
33063;EF003;7;7;4;7
33063;LL003;8;6;6;6
33063;IN003;4;9;5;5
33063;EC003;7;10;7;7
33063;TE003;7;9;8;8
33063;FR003;10;10;7;10
33063;OD003;8;5;7;7
55816;BG003;9;5;7;7
55816;FQ003;9;4;5;5
55816;GH003;7;9;10;9
55816;EF003;9;10;5;9
55816;LL003;5;9;7;7
55816;IN003;10;7;6;7
55816;EC003;4;9;8;8
55816;TE003;5;10;10;10
55816;FR003;10;5;4;5
55816;OD003;10;8;7;8
29712;BG003;6;9;5;6
29712;FQ003;10;8;7;8
29712;GH003;7;6;6;6
29712;EF003;9;6;8;8
29712;LL003;5;4;4;4
29712;IN003;10;10;8;10
29712;EC003;4;6;9;6
29712;TE003;4;4;8;4
29712;FR003;4;5;7;5
29712;OD003;5;5;8;5
70732;BG003;4;6;5;5
70732;FQ003;7;9;7;7
70732;GH003;7;9;5;7
70732;EF003;8;8;6;8
70732;LL003;9;4;4;4
70732;IN003;8;6;4;6
70732;EC003;7;4;8;7
70732;TE003;9;10;5;9
70732;FR003;6;10;7;7
70732;OD003;6;7;8;7
70736;BG003;6;7;9;7
70736;FQ003;6;4;7;6
70736;GH003;4;5;5;5
70736;EF003;4;6;10;6
70736;LL003;8;4;5;5
70736;IN003;10;8;5;8
70736;EC003;9;8;6;8
70736;TE003;9;9;6;9
70736;FR003;8;4;4;4
70736;OD003;4;5;5;5
51125;BG003;8;5;6;6
51125;FQ003;5;7;8;7
51125;GH003;6;8;5;6
51125;EF003;8;7;5;7
51125;LL003;10;7;10;10
51125;IN003;4;9;7;7
51125;EC003;10;9;6;9
51125;TE003;7;8;7;7
51125;FR003;10;9;6;9
51125;OD003;10;9;5;9
90942;BG003;10;5;5;5
90942;FQ003;4;8;9;8
90942;GH003;6;8;6;6
90942;EF003;5;10;7;7
90942;LL003;6;10;10;10
90942;IN003;4;5;4;4
90942;EC003;9;6;5;6
90942;TE003;5;4;4;4
90942;FR003;6;6;7;6
90942;CC003;4;9;9;9
30640;LL004;6;8;5;6
30640;IN004;7;8;9;8
30640;GH004;7;6;5;6
30640;EF004;8;10;10;10
30640;BG004;10;9;10;10
30640;FQ004;7;8;10;8
30640;MA004;7;4;10;7
30640;CI004;5;5;10;5
30640;FR004;4;4;6;4
60685;LL004;5;7;8;7
60685;IN004;4;4;5;4
60685;GH004;10;7;10;10
60685;EF004;10;4;9;9
60685;BG004;6;7;6;6
60685;FQ004;8;9;4;8
60685;MA004;7;5;4;5
60685;CI004;5;6;9;6
60685;FR004;8;5;5;5
70740;LL004;7;9;10;9
70740;IN004;7;5;4;5
70740;GH004;5;10;8;8
70740;EF004;4;7;5;5
70740;BG004;5;8;6;6
70740;FQ004;5;9;9;9
70740;MA004;7;7;10;7
70740;CI004;8;5;10;8
70740;FR004;5;9;10;9
35771;LL004;9;8;5;8
35771;IN004;8;9;9;9
35771;GH004;6;5;7;6
35771;EF004;7;10;7;7
35771;BG004;5;5;9;5
35771;FQ004;6;10;8;8
35771;MA004;4;8;5;5
35771;CI004;8;7;10;8
35771;FR004;5;6;9;6
65169;LL004;7;8;10;8
65169;IN004;4;6;6;6
65169;GH004;7;7;7;7
65169;EF004;10;8;7;8
65169;BG004;8;5;5;5
65169;FQ004;5;10;4;5
65169;MA004;6;6;8;6
65169;CI004;5;6;5;5
65169;FR004;10;6;8;8
30091;LL004;5;4;10;5
30091;IN004;5;10;7;7
30091;GH004;8;9;9;9
30091;EF004;9;10;9;9
30091;BG004;8;8;4;8
30091;FQ004;10;6;9;9
30091;MA004;7;10;6;7
30091;CI004;5;7;10;7
30091;FR004;4;8;9;8
17570;LL004;5;8;4;5
17570;IN004;7;8;10;8
17570;GH004;9;5;5;5
17570;EF004;9;10;5;9
17570;BG004;9;7;4;7
17570;FQ004;6;4;8;6
17570;MA004;4;8;4;4
17570;CI004;4;10;7;7
17570;FR004;6;8;8;8
97327;LL004;8;8;4;8
97327;IN004;7;8;6;7
97327;GH004;10;6;4;6
97327;EF004;7;4;5;5
97327;BG004;4;8;9;8
97327;FQ004;4;8;8;8
97327;MA004;8;5;6;6
97327;CI004;7;10;8;8
97327;FR004;4;5;10;5
97653;LL004;6;9;10;9
97653;IN004;7;4;10;7
97653;GH004;5;9;6;6
97653;EF004;8;4;5;5
97653;BG004;8;4;8;8
97653;FQ004;8;7;10;8
97653;MA004;5;4;4;4
97653;CI004;6;7;8;7
97653;FR004;6;10;4;6
96865;LL004;9;7;5;7
96865;IN004;6;4;6;6
96865;GH004;8;7;8;8
96865;EF004;6;10;7;7
96865;BG004;5;5;4;5
96865;FQ004;10;5;7;7
96865;MA004;4;4;7;4
96865;CI004;4;7;4;4
96865;FR004;5;10;4;5
11089;LL004;7;7;7;7
11089;IN004;7;4;7;7
11089;GH004;7;6;6;6
11089;EF004;5;9;6;6
11089;BG004;7;6;5;6
11089;FQ004;9;5;6;6
11089;MA004;5;4;10;5
11089;CI004;8;5;6;6
11089;FR004;10;6;10;10
70744;LL004;5;8;6;6
70744;IN004;5;4;9;5
70744;GH004;6;4;7;6
70744;EF004;4;5;6;5
70744;BG004;5;6;7;6
70744;FQ004;8;10;9;9
70744;MA004;7;7;6;7
70744;CI004;9;8;10;9
70744;FR004;9;4;10;9
60687;LL004;9;4;5;5
60687;IN004;8;8;8;8
60687;GH004;7;9;6;7
60687;EF004;6;10;9;9
60687;BG004;4;5;4;4
60687;FQ004;6;8;8;8
60687;MA004;4;8;4;4
60687;CI004;5;4;10;5
60687;FR004;10;4;7;7
3151;LL004;8;8;9;8
3151;IN004;5;7;9;7
3151;GH004;6;8;8;8
3151;EF004;7;7;5;7
3151;BG004;10;7;7;7
3151;FQ004;8;4;10;8
3151;MA004;5;4;7;5
3151;CI004;7;10;4;7
3151;FR004;8;5;7;7
3806;LL004;10;6;6;6
3806;IN004;8;7;6;7
3806;GH004;4;5;5;5
3806;EF004;4;7;10;7
3806;BG004;7;8;9;8
3806;FQ004;8;5;5;5
3806;MA004;5;10;6;6
3806;CI004;6;9;4;6
3806;FR004;4;7;7;7
8611;LL004;4;4;6;4
8611;IN004;9;9;4;9
8611;GH004;7;5;9;7
8611;EF004;6;10;4;6
8611;BG004;9;7;9;9
8611;FQ004;10;7;5;7
8611;MA004;4;7;8;7
8611;CI004;10;4;7;7
8611;FR004;8;8;6;8
62339;LL004;8;8;10;8
62339;IN004;9;7;8;8
62339;GH004;10;7;4;7
62339;EF004;6;8;10;8
62339;BG004;4;4;5;4
62339;FQ004;9;7;5;7
62339;MA004;10;8;6;8
62339;CI004;8;4;6;6
62339;FR004;9;9;8;9
15790;LL004;10;7;4;7
15790;IN004;9;8;5;8
15790;GH004;10;6;7;7
15790;EF004;7;5;4;5
15790;BG004;4;8;6;6
15790;FQ004;4;4;4;4
15790;MA004;9;10;9;9
15790;CI004;10;7;7;7
15790;FR004;8;9;5;8
31276;LL004;5;8;5;5
31276;IN004;8;7;5;7
31276;GH004;9;10;9;9
31276;EF004;7;4;10;7
31276;BG004;8;5;7;7
31276;FQ004;7;9;5;7
31276;MA004;7;10;8;8
31276;CI004;10;5;10;10
31276;FR004;5;8;6;6
61965;LL004;7;5;10;7
61965;IN004;7;4;6;6
61965;GH004;8;8;5;8
61965;EF004;5;7;5;5
61965;BG004;5;6;9;6
61965;FQ004;10;4;4;4
61965;MA004;10;7;10;10
61965;CI004;6;4;7;6
61965;FR004;6;6;9;6
86536;LL004;10;6;6;6
86536;IN004;4;9;8;8
86536;GH004;8;5;4;5
86536;EF004;7;7;5;7
86536;BG004;7;5;6;6
86536;FQ004;6;10;8;8
86536;MA004;8;7;5;7
86536;CI004;4;5;8;5
86536;FR004;9;8;6;8
11039;LL004;7;9;9;9
11039;IN004;7;10;5;7
11039;GH004;4;10;7;7
11039;EF004;9;4;6;6
11039;BG004;6;6;8;6
11039;FQ004;6;7;5;6
11039;MA004;7;5;6;6
11039;CI004;8;8;7;8
11039;FR004;7;10;6;7
70748;LL004;9;7;9;9
70748;IN004;6;4;10;6
70748;GH004;8;4;6;6
70748;EF004;10;10;8;10
70748;BG004;9;5;9;9
70748;FQ004;8;9;10;9
70748;MA004;7;8;4;7
70748;CI004;7;8;10;8
70748;FR004;6;8;4;6
70752;LL004;7;7;6;7
70752;IN004;6;7;10;7
70752;GH004;5;8;10;8
70752;EF004;6;6;9;6
70752;BG004;5;4;6;5
70752;FQ004;10;7;5;7
70752;MA004;7;5;6;6
70752;CI004;8;4;4;4
70752;FR004;10;9;7;9
70756;LL004;10;5;5;5
70756;IN004;8;4;8;8
70756;GH004;7;10;10;10
70756;EF004;8;10;7;8
70756;BG004;5;6;4;5
70756;FQ004;8;9;6;8
70756;MA004;6;6;7;6
70756;CI004;8;4;10;8
70756;FR004;4;4;5;4
29130;LL004;5;9;5;5
29130;IN004;7;7;9;7
29130;GH004;9;4;7;7
29130;EF004;6;10;8;8
29130;BG004;8;10;7;8
29130;FQ004;6;8;8;8
29130;MA004;9;10;5;9
29130;CI004;10;4;9;9
29130;FR004;4;6;4;4
44889;LL004;6;5;6;6
44889;IN004;6;4;9;6
44889;GH004;7;7;7;7
44889;EF004;6;6;4;6
44889;BG004;7;4;9;7
44889;FQ004;4;8;9;8
44889;MA004;7;10;10;10
44889;CI004;7;8;6;7
44889;FR004;8;6;4;6
17909;LL004;7;4;5;5
17909;IN004;8;4;7;7
17909;GH004;9;7;6;7
17909;EF004;5;4;7;5
17909;BG004;9;5;6;6
17909;FQ004;10;7;7;7
17909;MA004;10;10;7;10
17909;CI004;4;6;10;6
17909;FR004;5;6;4;5
2177;LL004;7;7;10;7
2177;IN004;5;6;9;6
2177;GH004;6;7;10;7
2177;EF004;10;10;9;10
2177;BG004;7;5;6;6
2177;FQ004;8;6;10;8
2177;MA004;9;10;10;10
2177;CI004;6;6;8;6
2177;FR004;6;10;10;10
76033;LL004;8;5;6;6
76033;IN004;6;6;10;6
76033;GH004;8;8;9;8
76033;EF004;10;8;10;10
76033;MA004;10;8;7;8
76033;LA004;8;9;9;9
76033;EM004;5;10;9;9
76033;CC004;10;10;10;10
76033;FI004;10;8;8;8
97720;LL004;7;8;5;7
97720;IN004;6;9;9;9
97720;GH004;5;8;4;5
97720;EF004;9;7;9;9
97720;MA004;5;5;9;5
97720;LA004;9;4;7;7
97720;EM004;8;4;5;5
97720;CC004;5;6;9;6
97720;FI004;8;5;5;5
70760;LL004;9;9;8;9
70760;IN004;9;7;10;9
70760;GH004;10;7;6;7
70760;EF004;9;4;7;7
70760;MA004;6;7;10;7
70760;LA004;6;8;4;6
70760;EM004;7;9;4;7
70760;CC004;5;10;9;9
70760;FI004;6;4;6;6
65048;LL004;4;10;9;9
65048;IN004;10;5;9;9
65048;GH004;9;5;10;9
65048;EF004;8;9;9;9
65048;MA004;10;6;4;6
65048;LA004;4;7;9;7
65048;EM004;8;5;7;7
65048;CC004;6;5;10;6
65048;FI004;10;4;9;9
3242;LL004;6;6;7;6
3242;IN004;7;7;7;7
3242;GH004;6;7;10;7
3242;EF004;6;10;6;6
3242;MA004;8;10;7;8
3242;LA004;9;4;4;4
3242;EM004;4;7;10;7
3242;CC004;7;8;5;7
3242;FI004;5;5;10;5
4830;LL004;7;7;6;7
4830;IN004;4;6;7;6
4830;GH004;10;4;10;10
4830;EF004;5;9;10;9
4830;MA004;6;8;7;7
4830;LA004;9;9;10;9
4830;EM004;5;6;8;6
4830;CC004;6;5;5;5
4830;FI004;10;9;6;9
83255;LL004;4;5;6;5
83255;IN004;8;9;4;8
83255;GH004;7;5;10;7
83255;EF004;7;10;10;10
83255;MA004;9;9;7;9
83255;LA004;7;10;5;7
83255;EM004;9;4;4;4
83255;CC004;5;10;9;9
83255;FI004;10;7;5;7
28657;LL004;10;10;6;10
28657;IN004;9;5;10;9
28657;GH004;7;7;10;7
28657;EF004;9;4;4;4
28657;MA004;8;10;9;9
28657;LA004;10;5;9;9
28657;EM004;6;4;9;6
28657;CC004;5;9;9;9
28657;FI004;10;9;7;9
60689;LL004;8;9;7;8
60689;IN004;6;5;7;6
60689;GH004;9;5;7;7
60689;EF004;10;5;5;5
60689;MA004;10;5;5;5
60689;LA004;9;6;4;6
60689;EM004;6;8;5;6
60689;CC004;10;10;9;10
60689;FI004;10;9;6;9
60691;LL004;4;6;4;4
60691;IN004;8;10;6;8
60691;GH004;4;6;5;5
60691;EF004;10;7;4;7
60691;MA004;10;4;8;8
60691;LA004;8;10;7;8
60691;EM004;9;6;9;9
60691;CC004;5;10;10;10
60691;FI004;8;8;8;8
61050;LL004;4;4;5;4
61050;IN004;5;9;9;9
61050;GH004;10;4;7;7
61050;EF004;6;5;4;5
61050;MA004;8;5;5;5
61050;LA004;7;6;5;6
61050;EM004;5;8;10;8
61050;CC004;10;7;9;9
61050;FI004;5;10;4;5
70764;LL004;5;9;6;6
70764;IN004;10;6;7;7
70764;GH004;5;9;4;5
70764;EF004;6;8;9;8
70764;MA004;6;4;5;5
70764;LA004;10;5;5;5
70764;EM004;5;6;8;6
70764;CC004;5;9;6;6
70764;FI004;5;7;6;6
17113;LL004;5;10;8;8
17113;IN004;4;4;6;4
17113;GH004;9;5;10;9
17113;EF004;4;7;10;7
17113;MA004;4;4;7;4
17113;LA004;7;5;9;7
17113;EM004;5;7;10;7
17113;CC004;8;4;10;8
17113;FI004;4;9;4;4
63758;LL004;5;4;10;5
63758;IN004;6;6;8;6
63758;GH004;6;6;8;6
63758;EF004;7;9;8;8
63758;MA004;6;6;4;6
63758;LA004;7;10;6;7
63758;EM004;4;9;7;7
63758;CC004;10;10;7;10
63758;FI004;5;5;10;5
22259;LL004;4;7;4;4
22259;IN004;7;4;6;6
22259;GH004;10;8;7;8
22259;EF004;4;6;10;6
22259;MA004;8;7;7;7
22259;LA004;8;5;4;5
22259;EM004;6;7;8;7
22259;CC004;4;5;5;5
22259;FI004;7;5;10;7
24134;LL004;5;8;8;8
24134;IN004;9;5;7;7
24134;GH004;4;8;10;8
24134;EF004;9;8;6;8
24134;MA004;7;10;9;9
24134;LA004;7;4;7;7
24134;EM004;5;5;7;5
24134;CC004;8;9;4;8
24134;FI004;4;8;10;8
60693;LL004;6;4;10;6
60693;IN004;4;7;6;6
60693;GH004;10;4;10;10
60693;EF004;7;9;9;9
60693;MA004;4;7;7;7
60693;LA004;8;4;6;6
60693;EM004;9;4;7;7
60693;CC004;6;4;7;6
60693;FI004;5;9;5;5
60695;LL004;10;9;9;9
60695;IN004;6;7;7;7
60695;GH004;7;4;8;7
60695;EF004;6;6;9;6
60695;MA004;7;4;7;7
60695;LA004;5;5;10;5
60695;EM004;6;10;6;6
60695;CC004;8;7;5;7
60695;FI004;8;10;5;8
60697;LL004;10;9;7;9
60697;IN004;5;8;7;7
60697;GH004;7;9;6;7
60697;EF004;9;4;8;8
60697;MA004;7;8;5;7
60697;LA004;6;5;8;6
60697;EM004;9;7;4;7
60697;CC004;8;6;10;8
60697;FI004;8;10;5;8
60699;LL004;6;9;7;7
60699;IN004;5;9;10;9
60699;GH004;9;10;5;9
60699;EF004;8;5;8;8
60699;MA004;9;7;5;7
60699;LA004;4;6;10;6
60699;EM004;10;9;10;10
60699;CC004;9;4;5;5
60699;FI004;5;9;8;8
28648;LL004;7;4;7;7
28648;IN004;10;7;6;7
28648;GH004;9;4;4;4
28648;EF004;7;7;5;7
28648;MA004;8;4;4;4
28648;LA004;7;6;6;6
28648;EM004;10;10;5;10
28648;CC004;7;9;8;8
28648;FI004;7;9;6;7
52694;LL004;6;7;9;7
52694;IN004;8;5;9;8
52694;GH004;8;4;7;7
52694;EF004;7;4;6;6
52694;MA004;10;4;4;4
52694;LA004;9;7;10;9
52694;EM004;4;5;10;5
52694;CC004;5;5;7;5
52694;FI004;4;7;4;4
20499;LL004;4;5;5;5
20499;IN004;6;5;8;6
20499;GH004;5;6;10;6
20499;EF004;5;8;8;8
20499;MA004;10;7;6;7
20499;LA004;6;4;5;5
20499;EM004;10;5;9;9
20499;CC004;10;7;8;8
20499;FI004;9;6;10;9
72665;LL004;5;10;9;9
72665;IN004;8;9;5;8
72665;GH004;9;6;8;8
72665;EF004;6;4;5;5
72665;MA004;6;4;10;6
72665;LA004;6;7;4;6
72665;EM004;10;6;9;9
72665;CC004;9;6;9;9
72665;FI004;9;4;4;4
86520;LL004;6;5;4;5
86520;IN004;10;8;4;8
86520;GH004;6;8;8;8
86520;EF004;9;5;6;6
86520;MA004;8;10;7;8
86520;LA004;6;8;4;6
86520;EM004;8;10;5;8
86520;CC004;6;7;10;7
86520;FI004;8;9;5;8
91030;LL004;10;10;7;10
91030;IN004;6;10;4;6
91030;GH004;9;6;7;7
91030;EF004;7;6;10;7
91030;MA004;7;8;6;7
91030;LA004;10;7;7;7
91030;EM004;8;4;8;8
91030;CC004;10;7;4;7
91030;FI004;4;6;4;4
38218;LL004;7;6;10;7
38218;IN004;7;8;5;7
38218;GH004;5;6;10;6
38218;EF004;5;4;7;5
38218;MA004;4;8;4;4
38218;LA004;7;8;4;7
38218;EM004;9;5;10;9
38218;CC004;10;6;6;6
38218;FI004;4;6;8;6
72832;LL004;10;10;9;10
72832;IN004;4;4;5;4
72832;GH004;10;6;9;9
72832;EF004;8;6;10;8
72832;MA004;5;10;5;5
72832;LA004;8;9;4;8
72832;EM004;6;5;7;6
72832;CC004;4;6;7;6
72832;FI004;4;4;8;4
47241;LL004;9;5;8;8
47241;IN004;6;9;10;9
47241;GH004;9;5;7;7
47241;EF004;8;7;6;7
47241;MA004;4;4;8;4
47241;LA004;9;7;7;7
47241;EM004;5;6;5;5
47241;CC004;8;5;8;8
47241;FI004;6;8;4;6
59587;LL004;7;6;5;6
59587;IN004;7;5;7;7
59587;GH004;4;10;7;7
59587;EF004;6;10;6;6
59587;MA004;10;4;10;10
59587;LA004;4;5;8;5
59587;EM004;6;10;8;8
59587;EP004;4;8;6;6
59587;MU004;5;5;6;5
78343;LL004;8;8;9;8
78343;IN004;10;10;6;10
78343;GH004;8;6;9;8
78343;EF004;8;9;9;9
78343;MA004;7;8;10;8
78343;LA004;9;10;10;10
78343;EM004;9;8;9;9
78343;EP004;10;6;7;7
78343;MU004;5;10;8;8
31314;LL004;9;7;6;7
31314;IN004;8;8;9;8
31314;GH004;4;7;5;5
31314;EF004;10;10;8;10
31314;MA004;5;5;10;5
31314;LA004;4;8;4;4
31314;EM004;9;7;10;9
31314;EP004;5;10;8;8
31314;MU004;5;9;8;8
17077;LL004;7;9;6;7
17077;IN004;6;7;4;6
17077;GH004;8;9;4;8
17077;EF004;8;9;10;9
17077;MA004;5;5;10;5
17077;LA004;8;8;9;8
17077;EM004;6;9;10;9
17077;EP004;8;8;9;8
17077;MU004;7;9;9;9
10570;LL004;6;9;8;8
10570;IN004;7;8;10;8
10570;GH004;7;5;5;5
10570;EF004;4;8;9;8
10570;MA004;7;5;10;7
10570;LA004;9;9;8;9
10570;EM004;9;4;9;9
10570;EP004;10;4;10;10
10570;MU004;8;4;7;7
32939;LL004;7;9;8;8
32939;IN004;5;6;6;6
32939;GH004;10;7;10;10
32939;EF004;8;6;6;6
32939;MA004;4;7;8;7
32939;LA004;6;8;7;7
32939;EM004;6;6;9;6
32939;EP004;6;10;8;8
32939;MU004;7;9;9;9
17518;LL004;6;10;10;10
17518;IN004;8;10;4;8
17518;GH004;10;10;6;10
17518;EF004;5;10;6;6
17518;MA004;9;10;8;9
17518;LA004;4;8;4;4
17518;EM004;8;5;6;6
17518;EP004;8;10;7;8
17518;MU004;8;6;5;6
41650;LL004;9;9;10;9
41650;IN004;10;10;10;10
41650;GH004;8;6;8;8
41650;EF004;9;6;5;6
41650;MA004;10;4;9;9
41650;LA004;6;6;10;6
41650;EM004;9;6;8;8
41650;EP004;7;6;4;6
41650;MU004;9;9;5;9
59219;LL004;10;8;4;8
59219;IN004;9;8;9;9
59219;GH004;8;10;4;8
59219;EF004;6;9;6;6
59219;MA004;7;5;6;6
59219;LA004;5;4;6;5
59219;EM004;6;4;6;6
59219;EP004;4;6;4;4
59219;MU004;7;4;6;6
39673;LL004;6;8;4;6
39673;IN004;5;7;10;7
39673;GH004;4;6;7;6
39673;EF004;5;8;6;6
39673;MA004;8;7;9;8
39673;LA004;10;8;6;8
39673;EM004;7;6;4;6
39673;EP004;7;9;5;7
39673;MU004;10;10;10;10
18466;LL004;5;5;10;5
18466;IN004;4;5;7;5
18466;GH004;9;5;6;6
18466;EF004;8;7;6;7
18466;MA004;8;6;8;8
18466;LA004;7;7;5;7
18466;EM004;8;9;9;9
18466;EP004;6;7;7;7
18466;MU004;8;4;7;7
31451;LL004;5;5;6;5
31451;IN004;8;5;8;8
31451;GH004;5;5;7;5
31451;EF004;9;10;7;9
31451;MA004;7;6;7;7
31451;LA004;4;4;5;4
31451;EM004;7;9;9;9
31451;EP004;4;9;5;5
31451;MU004;10;9;4;9
72039;LL004;10;10;8;10
72039;IN004;7;4;9;7
72039;GH004;8;9;8;8
72039;EF004;8;4;10;8
72039;MA004;6;9;6;6
72039;LA004;8;4;7;7
72039;EM004;9;8;8;8
72039;EP004;7;8;4;7
72039;MU004;10;10;4;10
11002;LL004;5;5;9;5
11002;IN004;8;4;6;6
11002;GH004;5;5;6;5
11002;EF004;4;9;9;9
11002;MA004;7;7;7;7
11002;LA004;6;5;4;5
11002;EM004;8;4;6;6
11002;EP004;9;5;10;9
11002;MU004;10;6;8;8
70768;LL004;4;8;10;8
70768;IN004;4;7;5;5
70768;GH004;7;5;9;7
70768;EF004;8;10;7;8
70768;MA004;9;5;8;8
70768;LA004;10;7;5;7
70768;EM004;4;6;6;6
70768;EP004;7;9;9;9
70768;MU004;8;9;9;9
70772;LL004;10;6;5;6
70772;IN004;6;7;5;6
70772;GH004;5;5;6;5
70772;EF004;4;10;5;5
70772;MA004;8;5;8;8
70772;LA004;8;7;6;7
70772;EM004;5;9;6;6
70772;EP004;7;9;10;9
70772;MU004;6;8;5;6
70776;LL004;9;4;6;6
70776;IN004;10;7;9;9
70776;GH004;6;7;5;6
70776;EF004;6;7;7;7
70776;MA004;8;4;9;8
70776;LA004;6;9;8;8
70776;EM004;9;9;7;9
70776;EP004;8;8;4;8
70776;MU004;10;8;9;9
6360;LL004;4;4;9;4
6360;IN004;6;5;8;6
6360;GH004;4;8;6;6
6360;EF004;6;10;9;9
6360;MA004;10;10;7;10
6360;LA004;6;5;6;6
6360;EM004;4;7;10;7
6360;EP004;10;8;7;8
6360;MU004;10;10;7;10
40074;LL004;5;4;6;5
40074;IN004;8;6;10;8
40074;GH004;8;5;4;5
40074;EF004;7;8;6;7
40074;MA004;6;7;8;7
40074;LA004;4;7;5;5
40074;EM004;5;10;5;5
40074;EP004;9;7;8;8
40074;MU004;9;6;7;7
38617;LL004;9;8;7;8
38617;IN004;4;7;4;4
38617;GH004;5;7;4;5
38617;EF004;4;7;8;7
38617;MA004;4;5;8;5
38617;LA004;7;8;4;7
38617;EM004;8;5;4;5
38617;EP004;10;7;8;8
38617;MU004;4;4;5;4
32564;LL004;10;8;5;8
32564;IN004;10;8;6;8
32564;GH004;7;5;5;5
32564;EF004;4;8;7;7
32564;MA004;7;6;7;7
32564;LA004;8;5;5;5
32564;EM004;9;8;7;8
32564;EP004;8;7;7;7
32564;MU004;9;9;6;9
70780;LL004;5;8;10;8
70780;IN004;5;4;10;5
70780;GH004;5;9;5;5
70780;EF004;9;5;7;7
70780;MA004;4;4;8;4
70780;LA004;9;10;9;9
70780;EM004;8;6;9;8
70780;EP004;4;8;8;8
70780;MU004;6;5;9;6
61992;LL004;8;4;4;4
61992;IN004;7;8;10;8
61992;GH004;6;8;7;7
61992;EF004;6;5;9;6
61992;MA004;6;5;10;6
61992;LA004;5;10;4;5
61992;EM004;5;6;9;6
61992;EP004;9;10;10;10
61992;MU004;10;10;8;10
95422;LL004;7;5;5;5
95422;IN004;7;6;6;6
95422;GH004;7;4;5;5
95422;EF004;9;6;4;6
95422;MA004;7;6;4;6
95422;LA004;10;9;8;9
95422;EM004;10;7;6;7
95422;EP004;9;10;5;9
95422;MU004;10;8;4;8
62171;LL004;6;5;8;6
62171;IN004;6;9;6;6
62171;GH004;9;9;5;9
62171;EF004;6;8;6;6
62171;MA004;5;4;8;5
62171;LA004;7;7;8;7
62171;EM004;10;10;6;10
62171;EP004;5;10;10;10
62171;MU004;7;9;4;7
16246;LL004;9;5;7;7
16246;IN004;7;10;9;9
16246;GH004;8;6;9;8
16246;EF004;9;8;6;8
16246;MA004;10;10;4;10
16246;LA004;10;7;4;7
16246;EM004;7;5;8;7
16246;EP004;4;6;9;6
16246;MU004;5;6;7;6
72391;LL004;5;5;6;5
72391;IN004;8;9;9;9
72391;GH004;10;6;10;10
72391;EF004;5;4;5;5
72391;MA004;5;9;6;6
72391;LA004;5;8;7;7
72391;EM004;6;6;7;6
72391;EP004;5;9;4;5
72391;MU004;7;8;5;7
31089;LL004;6;9;6;6
31089;IN004;7;7;8;7
31089;GH004;5;6;9;6
31089;EF004;4;5;4;4
31089;MA004;6;6;6;6
31089;LA004;6;4;7;6
31089;EM004;5;5;6;5
31089;EP004;6;8;9;8
31089;MU004;6;8;5;6
40328;LL004;8;6;6;6
40328;IN004;8;9;6;8
40328;GH004;6;7;4;6
40328;EF004;7;6;8;7
40328;BG004;10;9;10;10
40328;IF004;10;5;6;6
40328;MP004;4;9;5;5
40328;TA004;6;10;7;7
40328;IA004;8;9;7;8
40328;LM004;5;5;6;5
40789;LL004;7;8;10;8
40789;IN004;9;7;7;7
40789;GH004;9;10;9;9
40789;EF004;4;6;7;6
40789;BG004;5;10;9;9
40789;IF004;7;6;7;7
40789;MP004;5;5;10;5
40789;TA004;7;7;5;7
40789;IA004;4;7;10;7
40789;LM004;10;7;8;8
40128;LL004;7;10;7;7
40128;IN004;4;6;6;6
40128;GH004;4;10;10;10
40128;EF004;4;10;10;10
40128;BG004;6;9;4;6
40128;IF004;5;4;5;5
40128;MP004;4;4;8;4
40128;TA004;7;7;10;7
40128;IA004;4;10;4;4
40128;LM004;5;6;4;5
23456;LL004;10;5;4;5
23456;IN004;10;9;6;9
23456;GH004;10;6;10;10
23456;EF004;9;4;10;9
23456;BG004;5;4;4;4
23456;IF004;10;5;6;6
23456;MP004;8;4;4;4
23456;TA004;8;5;4;5
23456;IA004;8;5;10;8
23456;LM004;4;10;9;9
58598;LL004;6;4;8;6
58598;IN004;9;10;8;9
58598;GH004;9;8;9;9
58598;EF004;8;8;10;8
58598;BG004;6;4;8;6
58598;IF004;6;10;9;9
58598;MP004;7;8;5;7
58598;TA004;7;4;7;7
58598;IA004;5;5;8;5
58598;LM004;9;5;4;5
85421;LL004;8;7;8;8
85421;IN004;4;8;10;8
85421;GH004;9;5;10;9
85421;EF004;6;4;4;4
85421;BG004;9;9;10;9
85421;IF004;4;10;9;9
85421;MP004;6;4;10;6
85421;TA004;10;7;4;7
85421;IA004;4;5;10;5
85421;LM004;10;6;8;8
84236;LL004;4;8;5;5
84236;IN004;4;8;5;5
84236;GH004;5;6;5;5
84236;EF004;10;8;9;9
84236;BG004;10;7;6;7
84236;IF004;6;10;5;6
84236;MP004;4;10;7;7
84236;TA004;7;8;5;7
84236;IA004;8;8;8;8
84236;LM004;5;8;8;8
86513;LL004;9;6;9;9
86513;IN004;10;6;6;6
86513;GH004;5;4;5;5
86513;EF004;7;4;10;7
86513;BG004;6;4;10;6
86513;IF004;8;6;8;8
86513;MP004;5;9;5;5
86513;TA004;5;10;8;8
86513;IA004;10;4;5;5
86513;LM004;7;4;5;5
2508;LL004;5;7;4;5
2508;IN004;5;10;4;5
2508;GH004;10;4;9;9
2508;EF004;7;6;6;6
2508;BG004;5;4;10;5
2508;IF004;7;5;10;7
2508;MP004;8;6;10;8
2508;TA004;5;4;10;5
2508;IA004;6;5;10;6
2508;LM004;4;6;10;6
26881;LL004;8;7;10;8
26881;IN004;6;6;9;6
26881;GH004;9;9;6;9
26881;EF004;6;7;6;6
26881;BG004;10;6;4;6
26881;IF004;5;9;10;9
26881;MP004;9;7;6;7
26881;TA004;10;6;5;6
26881;IA004;8;8;5;8
26881;LM004;9;7;9;9
36158;LL004;6;7;5;6
36158;IN004;10;8;10;10
36158;GH004;6;8;10;8
36158;EF004;9;5;4;5
36158;BG004;6;4;10;6
36158;IF004;10;9;10;10
36158;MP004;6;5;4;5
36158;TA004;4;8;10;8
36158;IA004;4;7;6;6
36158;LM004;10;4;7;7
36158;LL004;6;9;5;6
65274;IN004;8;10;5;8
65274;GH004;8;7;7;7
65274;EF004;7;10;4;7
65274;BG004;10;7;5;7
65274;IF004;8;6;10;8
65274;MP004;4;6;10;6
65274;TA004;6;7;9;7
65274;IA004;10;9;4;9
65274;LM004;7;9;10;9
65274;LL004;5;10;5;5
12554;IN004;8;5;10;8
12554;GH004;8;9;10;9
12554;EF004;7;5;10;7
12554;BG004;7;8;10;8
12554;IF004;10;5;9;9
12554;MP004;10;7;7;7
12554;TA004;7;10;8;8
12554;IA004;5;5;8;5
12554;LM004;8;4;8;8
12554;LL004;5;6;4;5
15563;IN004;9;5;4;5
15563;GH004;6;4;10;6
15563;EF004;6;5;8;6
15563;BG004;6;10;10;10
15563;IF004;6;7;4;6
15563;MP004;10;5;4;5
15563;TA004;4;8;7;7
15563;IA004;9;7;7;7
15563;LM004;7;8;8;8
15563;LL004;6;8;10;8
18855;IN004;6;10;9;9
18855;GH004;4;4;6;4
18855;EF004;7;7;10;7
18855;BG004;5;8;7;7
18855;IF004;10;9;8;9
18855;MP004;10;4;9;9
18855;TA004;6;8;4;6
18855;IA004;8;5;6;6
18855;LM004;8;4;9;8
18855;LL004;8;9;8;8
16856;IN004;8;4;9;8
16856;GH004;6;4;9;6
16856;EF004;6;6;5;6
16856;BG004;9;8;4;8
16856;IF004;5;4;5;5
16856;MP004;5;10;8;8
16856;TA004;10;7;10;10
16856;IA004;10;6;9;9
16856;LM004;7;8;4;7
16856;LL004;5;7;10;7
13558;IN004;8;7;10;8
13558;GH004;8;9;4;8
13558;EF004;6;4;10;6
13558;BG004;5;5;10;5
13558;IF004;9;8;10;9
13558;MP004;6;5;9;6
13558;TA004;10;10;7;10
13558;IA004;10;10;5;10
13558;LM004;8;9;6;8
13558;LL004;9;9;4;9
19884;IN004;10;9;5;9
19884;GH004;8;8;5;8
19884;EF004;5;7;8;7
19884;BG004;4;7;6;6
19884;IF004;5;4;4;4
19884;MP004;9;5;4;5
19884;TA004;7;9;7;7
19884;IA004;5;6;5;5
19884;LM004;9;8;7;8
19884;LL004;9;10;10;10
96521;IN004;9;4;8;8
96521;GH004;7;4;10;7
96521;EF004;9;9;5;9
96521;BG004;5;10;9;9
96521;IF004;9;4;4;4
96521;MP004;4;7;10;7
96521;TA004;10;7;10;10
96521;IA004;9;5;6;6
96521;LM004;5;6;5;5
96521;LL004;9;5;4;5
78184;IN004;9;7;4;7
78184;GH004;6;4;8;6
78184;EF004;5;9;8;8
78184;BG004;6;8;8;8
78184;IF004;4;4;6;4
78184;MP004;9;10;6;9
78184;TA004;7;10;6;7
78184;IA004;10;10;10;10
78184;LM004;6;4;9;6
78184;LL004;5;10;7;7